Latency,CategoriesControllerGetcategory,ItemsControllerFindfeaturesitemrandom,ItemsControllerFinditemrandom,ItemsControllerFinditemsrandombyidproduct,ProductsControllerFindproduct,ProductsControllerFindproductrandom,GatewayGet,anomaly
380,4,3,4,59,3,3,120,0
446,84,2,4,51,3,3,199,1
561,84,3,4,57,3,82,286,2
380,5,2,4,56,3,4,134,0
411,4,4,122,60,5,5,266,0
376,3,3,4,63,3,4,129,0
395,3,5,4,53,3,3,121,0
380,3,3,5,59,4,2,127,0
555,83,2,122,58,3,82,401,2
382,4,3,122,60,4,3,246,0
380,4,3,3,55,3,3,128,0
394,3,3,4,61,2,2,125,0
379,4,3,123,58,3,4,245,0
464,5,3,121,59,7,3,264,0
400,4,3,4,60,3,5,129,0
380,3,3,122,55,3,3,237,0
452,84,2,122,60,3,4,321,1
420,5,3,123,57,3,3,254,0
446,83,3,123,49,8,5,321,1
397,4,3,3,57,3,4,128,0
403,4,3,123,58,3,3,243,0
526,82,3,123,57,3,83,396,2
392,3,3,4,61,3,3,136,0
350,3,3,123,56,4,3,244,0
378,5,4,5,56,3,4,128,0
369,3,3,5,53,3,3,124,0
398,5,4,122,53,4,3,241,0
477,83,3,121,55,3,3,324,1
395,3,3,122,55,3,3,245,0
556,84,2,5,63,9,83,297,2
373,3,4,4,51,3,3,122,0
384,4,4,5,55,3,3,125,0
464,82,3,5,57,3,3,197,1
349,4,3,122,58,3,4,241,0
398,4,4,122,62,3,3,250,0
385,4,3,122,53,3,3,237,0
379,4,4,5,61,4,4,139,0
434,82,3,4,56,3,3,203,1
382,4,3,122,56,2,3,241,0
423,4,3,122,61,4,4,255,0
390,4,3,5,56,3,3,123,0
450,82,4,4,54,4,3,206,1
376,2,2,122,51,3,4,235,0
377,3,3,122,57,4,3,243,0
414,4,2,121,47,3,3,225,0
382,4,3,4,54,3,4,125,0
349,2,3,4,54,3,2,116,0
379,2,3,4,56,3,3,127,0
385,6,4,5,58,3,4,131,0
491,83,3,2,57,3,4,205,1
381,4,3,4,54,3,3,123,0
383,4,3,123,56,3,4,246,0
534,82,3,124,52,2,82,392,2
381,4,4,123,60,4,3,251,0
364,3,3,3,54,3,3,114,0
361,3,3,5,66,3,3,134,0
392,3,3,5,57,2,4,132,0
405,4,3,122,60,3,3,247,0
352,4,3,5,62,4,4,131,0
382,3,3,122,55,3,3,234,0
455,82,4,5,60,3,3,209,1
369,2,4,122,62,3,3,249,0
416,4,3,5,51,3,5,138,0
385,3,3,122,60,3,4,248,0
477,5,4,122,48,3,5,247,0
382,3,3,122,59,3,3,250,0
389,4,4,5,51,4,4,141,0
459,82,4,122,57,3,4,320,1
538,82,3,123,55,3,83,400,2
360,3,3,122,58,3,3,233,0
374,4,3,122,56,4,4,233,0
366,3,4,4,56,4,3,122,0
504,84,4,6,65,5,5,239,1
396,3,3,122,57,3,3,242,0
467,3,3,4,63,4,3,133,0
377,4,2,4,56,5,3,122,0
466,83,4,5,51,3,3,198,1
368,3,3,4,59,3,3,131,0
419,5,3,4,68,4,5,155,0
546,83,3,3,58,3,82,284,2
378,4,4,5,55,4,3,127,0
460,83,4,5,56,3,4,205,1
387,3,3,122,61,3,4,251,0
391,5,4,5,57,3,5,129,0
409,3,3,122,60,3,4,239,0
392,4,2,123,59,3,3,241,0
382,3,4,3,60,3,3,129,0
377,2,3,123,59,3,3,245,0
388,4,4,3,61,2,3,126,0
412,3,3,123,58,3,4,248,0
371,5,3,4,47,3,4,113,0
527,83,3,122,56,4,82,404,2
391,4,4,5,62,3,3,135,0
364,3,3,122,56,3,3,241,0
413,4,3,5,50,4,4,130,0
395,4,4,4,56,3,4,123,0
445,4,3,2,69,4,4,148,0
421,3,3,121,53,3,4,238,0
350,3,2,5,52,3,3,121,0
423,6,2,123,69,3,4,280,0
463,85,3,122,54,4,3,321,1
537,82,3,4,56,3,82,283,2
387,5,3,5,64,3,4,139,0
386,4,3,4,58,3,3,126,0
413,5,3,5,61,5,5,147,0
372,3,2,4,58,3,3,119,0
375,4,2,121,58,5,2,236,0
538,84,3,6,60,3,83,289,2
526,82,4,123,60,3,82,405,2
531,84,2,3,53,3,83,281,2
362,6,3,122,55,3,4,247,0
393,5,3,123,58,3,3,245,0
380,5,3,122,59,3,3,250,0
414,4,4,123,66,5,4,270,0
380,4,3,122,63,3,7,254,0
398,4,3,122,60,3,3,243,0
406,4,3,5,57,4,2,128,0
556,83,4,124,69,2,83,416,2
375,3,3,5,55,3,3,121,0
420,4,3,5,54,3,3,125,0
368,4,3,3,55,3,3,125,0
425,7,4,5,60,3,4,132,0
357,4,3,122,57,3,4,246,0
528,82,3,5,53,3,82,283,2
394,4,2,122,64,3,4,250,0
348,2,3,122,52,2,2,233,0
514,82,3,123,55,3,4,317,1
401,4,3,4,60,3,3,126,0
479,84,3,5,62,4,3,214,1
395,4,3,122,60,4,4,244,0
368,3,3,123,64,4,3,251,0
526,82,4,123,58,3,83,407,2
377,4,4,5,54,3,5,127,0
366,4,3,4,52,3,2,118,0
393,4,4,123,62,3,5,258,0
459,6,3,122,55,4,4,257,0
365,3,4,5,63,3,4,129,0
395,4,3,123,64,3,3,249,0
378,3,3,5,64,4,4,133,0
399,3,4,5,64,4,3,137,0
354,3,3,124,57,3,4,241,0
346,3,4,4,54,2,3,117,0
364,4,3,124,56,4,3,246,0
451,4,3,4,57,3,4,125,0
392,4,3,123,60,3,5,257,0
471,84,3,4,51,3,4,201,1
382,2,3,4,56,2,3,122,0
366,3,3,4,58,3,2,122,0
480,5,4,4,62,4,5,154,0
449,83,3,121,55,2,3,318,1
460,82,3,123,64,3,4,338,1
392,3,3,4,60,4,3,129,0
457,83,3,4,58,2,4,207,1
393,5,6,5,65,4,2,143,0
444,5,4,4,69,5,4,156,0
393,4,3,3,54,3,2,114,0
356,3,3,5,53,4,3,128,0
377,4,3,4,61,3,4,133,0
400,3,3,5,67,4,3,136,0
361,3,3,122,59,3,3,244,0
380,5,4,121,58,3,3,249,0
437,6,3,123,69,4,5,276,0
371,3,3,122,51,3,4,230,0
383,4,3,3,61,3,4,126,0
389,4,4,4,59,3,3,130,0
377,5,3,5,65,3,3,133,0
360,4,4,123,59,4,4,250,0
362,3,4,122,54,3,4,236,0
453,83,4,5,59,3,3,203,1
444,5,4,7,69,3,5,163,0
396,4,3,122,55,3,3,245,0
370,4,3,122,50,4,4,235,0
406,4,3,4,54,3,3,121,0
405,4,2,4,50,4,4,129,0
378,3,3,4,52,3,4,118,0
430,5,4,122,73,4,2,287,0
382,7,3,122,54,3,2,239,0
394,5,3,4,63,2,4,142,0
435,82,3,5,51,3,4,196,1
389,3,3,4,56,4,3,123,0
381,4,3,5,60,3,3,125,0
369,3,3,4,54,3,2,120,0
352,2,4,122,52,5,3,234,0
549,84,2,122,60,3,83,409,2
384,5,4,5,55,3,4,127,0
381,3,3,5,58,4,2,125,0
458,83,3,122,60,3,3,329,1
368,4,2,122,53,3,3,239,0
660,84,4,5,65,3,83,294,2
469,4,3,4,51,3,4,119,0
372,3,3,122,52,3,3,240,0
360,4,3,121,58,3,4,244,0
528,83,4,5,46,4,83,274,2
426,5,4,123,70,6,4,287,0
358,4,3,4,56,3,3,121,0
525,83,2,4,57,2,83,280,2
436,5,3,6,51,3,4,136,0
360,4,3,4,58,3,3,121,0
395,3,3,122,57,3,3,237,0
450,6,3,122,71,6,5,286,0
386,3,4,122,63,3,3,249,0
496,5,3,4,57,4,4,135,0
395,5,3,4,59,2,3,131,0
373,4,3,122,60,4,4,248,0
381,3,3,123,55,3,3,244,0
452,82,3,4,54,3,5,205,1
396,4,4,123,63,2,3,248,0
410,5,2,122,57,3,4,253,0
386,4,3,123,59,3,4,243,0
393,4,4,5,62,3,3,134,0
519,83,3,122,62,3,83,401,2
408,5,3,5,59,3,4,136,0
373,3,3,123,63,3,3,244,0
360,4,4,6,52,2,4,123,0
369,9,4,4,55,4,4,132,0
366,3,4,5,60,3,3,129,0
412,5,3,121,55,3,3,237,0
370,2,3,4,61,5,2,131,0
545,82,2,123,53,5,81,391,2
383,4,3,122,57,4,3,252,0
544,83,3,5,55,2,83,285,2
526,83,4,123,64,5,83,412,2
475,84,4,4,59,3,4,210,1
402,4,4,122,61,4,5,262,0
539,84,3,122,56,3,83,404,2
463,84,3,5,57,3,3,203,1
391,4,3,5,66,5,3,140,0
401,4,3,5,58,5,3,133,0
386,4,3,4,62,3,4,137,0
392,2,3,122,55,3,3,234,0
354,3,2,4,51,3,5,116,0
449,84,3,122,52,3,4,321,1
376,3,2,123,60,4,5,246,0
366,4,4,123,59,3,4,246,0
389,3,3,123,65,3,3,254,0
404,4,3,121,53,4,3,236,0
374,3,3,3,56,3,3,115,0
538,83,4,122,59,3,83,406,2
390,5,3,4,57,2,3,127,0
353,4,3,4,58,3,3,123,0
531,83,2,5,58,4,83,288,2
366,4,3,122,51,3,4,235,0
381,4,3,122,61,2,3,247,0
365,4,3,122,61,2,3,247,0
396,4,3,121,48,3,3,232,0
378,3,3,121,58,4,4,245,0
391,4,2,3,56,3,3,121,0
376,4,5,6,56,3,3,129,0
382,4,2,4,60,3,2,130,0
383,3,3,5,65,3,3,132,0
384,6,5,4,54,3,3,124,0
356,4,4,5,53,3,4,121,0
388,5,4,123,67,3,3,254,0
385,8,2,123,57,4,3,245,0
398,5,2,5,52,3,4,130,0
391,3,3,4,61,3,3,127,0
368,3,3,122,56,4,3,243,0
380,3,3,5,63,4,3,136,0
378,3,4,3,60,2,3,125,0
374,3,3,123,62,3,3,247,0
417,6,4,5,51,4,4,134,0
359,4,3,121,61,3,2,243,0
358,3,3,122,58,2,3,244,0
397,4,3,122,60,3,4,245,0
459,83,3,4,60,3,3,204,1
360,3,3,3,56,3,4,126,0
389,4,2,5,54,3,4,121,0
375,4,3,122,58,2,4,249,0
380,3,3,123,46,4,4,234,0
371,4,3,4,57,3,4,126,0
416,4,3,122,54,4,4,247,0
398,5,3,122,57,3,3,248,0
382,4,2,4,58,3,3,124,0
399,3,3,4,61,3,2,131,0
523,82,3,5,55,3,83,283,2
399,4,3,123,60,3,4,251,0
533,82,3,123,61,3,83,408,2
380,4,3,122,52,4,3,237,0
355,3,3,123,56,2,5,236,0
552,85,3,121,60,4,83,413,2
373,4,4,122,62,3,3,248,0
424,4,3,122,62,3,3,256,0
442,83,3,4,51,4,4,197,1
408,5,4,3,60,4,3,140,0
398,4,3,3,50,3,4,125,0
478,84,3,4,64,3,4,212,1
365,4,3,122,57,4,4,246,0
404,4,3,123,62,3,4,250,0
423,5,3,123,59,3,2,245,0
384,4,3,123,63,2,4,252,0
378,3,4,123,56,3,3,246,0
551,83,3,123,67,3,83,410,2
364,3,4,122,58,2,4,243,0
423,3,4,123,68,4,4,269,0
370,3,3,4,59,2,3,128,0
439,82,4,123,57,2,4,319,1
363,4,3,122,62,3,3,247,0
362,3,3,4,64,2,3,132,0
359,4,3,4,56,3,3,124,0
377,4,3,4,60,3,4,136,0
451,83,3,4,57,3,3,203,1
359,3,4,4,56,3,3,125,0
524,83,3,5,52,3,83,275,2
382,4,3,4,59,4,2,130,0
446,7,3,123,60,4,4,264,0
401,5,4,4,62,3,4,137,0
462,83,3,4,58,4,4,207,1
523,83,3,5,58,6,83,287,2
400,5,3,123,69,3,2,256,0
398,4,2,3,59,4,4,127,0
384,4,3,121,55,2,2,234,0
386,3,4,5,54,3,4,119,0
380,3,2,122,54,3,4,235,0
442,5,3,5,73,3,4,161,0
457,83,3,4,53,3,5,201,1
534,83,3,4,61,2,82,286,2
369,4,3,122,55,3,3,239,0
466,84,3,4,50,3,6,202,1
536,83,3,122,61,3,83,404,2
427,3,4,122,63,3,3,248,0
390,4,3,5,58,3,4,134,0
384,4,3,4,59,3,3,128,0
419,3,2,4,56,3,3,128,0
361,2,3,122,55,2,2,235,0
374,5,4,123,59,4,2,249,0
426,4,4,4,67,3,5,152,0
383,4,3,122,56,3,2,243,0
385,3,3,122,61,3,3,246,0
367,3,3,123,59,4,4,245,0
554,82,4,5,63,4,83,290,2
378,4,4,5,59,3,3,126,0
374,3,4,4,68,2,3,131,0
450,4,4,4,63,4,5,148,0
600,84,3,3,64,4,84,308,2
464,83,3,123,54,3,4,324,1
583,83,4,122,65,3,83,415,2
529,83,3,5,51,3,83,280,2
378,5,4,122,54,3,3,242,0
373,3,3,4,57,2,2,121,0
353,3,3,4,55,4,3,120,0
345,3,3,3,54,3,4,120,0
372,3,4,4,55,4,4,127,0
356,4,3,123,56,4,3,244,0
512,81,3,122,49,3,82,390,2
557,82,3,4,60,3,83,287,2
403,4,4,5,64,3,4,131,0
392,3,3,4,54,2,3,118,0
336,2,1,4,46,3,3,98,0
517,83,5,5,54,4,83,282,2
389,4,4,4,61,3,3,130,0
358,3,4,5,57,3,4,122,0
380,4,4,4,66,3,3,135,0
519,85,4,5,72,4,4,240,1
369,3,3,3,55,3,4,126,0
349,3,3,122,51,4,4,235,0
362,4,3,4,62,3,4,131,0
351,3,3,3,54,3,3,120,0
502,82,3,5,50,2,83,271,2
382,4,3,5,55,3,3,122,0
498,83,2,3,63,3,4,210,1
373,4,4,4,64,4,3,135,0
402,6,3,122,57,3,4,242,0
381,2,3,4,55,6,4,127,0
469,84,4,123,59,3,4,328,1
555,83,2,122,58,4,83,406,2
370,3,3,122,53,2,3,234,0
414,4,4,4,55,4,3,126,0
360,3,4,4,57,3,3,123,0
569,84,3,4,56,3,83,283,2
372,5,3,4,59,5,4,136,0
470,4,4,122,65,3,4,255,0
419,4,3,4,65,3,3,147,0
393,4,3,123,61,3,4,260,0
380,3,4,123,56,3,3,236,0
376,3,2,123,53,3,3,236,0
400,3,3,5,65,4,4,137,0
396,4,3,4,54,3,6,127,0
371,2,4,3,52,4,3,111,0
371,3,3,123,65,3,3,248,0
542,83,3,4,57,3,82,290,2
377,4,3,4,54,2,4,126,0
525,83,2,4,61,3,83,282,2
365,3,3,122,57,3,3,239,0
355,4,4,5,54,3,3,131,0
393,4,4,3,53,3,3,123,0
544,83,3,4,57,3,83,279,2
400,4,3,123,62,4,3,250,0
372,4,3,4,56,3,3,126,0
542,83,3,122,53,3,83,398,2
379,3,3,4,63,3,4,132,0
385,4,3,123,60,4,3,245,0
357,4,4,3,55,4,3,124,0
385,3,2,4,58,3,3,124,0
379,3,4,5,54,2,3,122,0
387,3,4,4,50,3,4,114,0
400,3,3,4,65,2,2,133,0
582,84,2,122,68,4,84,432,2
367,4,3,122,56,5,3,245,0
378,3,3,122,57,3,3,244,0
364,3,3,123,59,2,4,243,0
402,4,3,123,53,3,3,240,0
386,4,3,122,58,2,3,238,0
344,3,2,123,57,2,2,236,0
486,85,3,3,52,5,4,212,1
372,5,3,4,47,4,3,112,0
384,5,4,5,57,3,3,130,0
430,4,3,5,64,4,4,157,0
487,83,3,123,61,3,4,330,1
463,83,3,3,55,5,3,206,1
406,5,4,123,58,4,3,258,0
403,4,3,5,66,3,3,133,0
365,4,2,123,59,4,3,241,0
470,83,4,5,59,3,4,207,1
361,4,3,123,69,3,4,256,0
440,7,5,123,70,4,8,287,0
465,83,3,4,62,4,4,218,1
355,3,4,123,62,3,3,252,0
379,3,3,122,49,3,4,233,0
422,6,3,122,56,4,3,260,0
391,4,3,122,62,3,3,248,0
371,4,3,122,64,3,3,247,0
486,84,3,123,57,4,4,341,1
391,4,4,4,61,3,9,134,0
404,4,3,122,57,3,4,250,0
449,83,3,123,59,3,3,324,1
382,4,3,123,56,3,4,248,0
385,4,3,5,63,3,3,134,0
383,3,3,4,60,3,4,134,0
377,3,3,122,54,3,3,245,0
420,5,4,123,68,5,3,272,0
379,3,4,123,62,3,4,249,0
371,4,2,122,56,2,4,241,0
370,4,2,4,52,3,4,121,0
395,4,4,5,65,3,3,138,0
432,5,3,6,65,4,5,158,0
523,83,3,122,55,3,83,398,2
373,5,3,122,58,3,4,250,0
360,3,4,5,55,3,3,124,0
359,3,2,122,58,3,3,242,0
374,3,3,4,56,4,4,127,0
399,4,3,123,51,4,3,239,0
396,4,4,4,60,4,3,129,0
369,3,3,4,61,3,3,128,0
390,5,3,3,54,3,3,121,0
395,4,2,5,59,6,4,131,0
385,3,2,122,51,2,3,233,0
387,5,3,4,59,3,4,127,0
384,4,2,122,55,3,4,239,0
554,83,3,4,65,3,83,295,2
378,3,3,4,57,3,3,123,0
405,6,3,121,53,2,5,243,0
393,4,3,121,52,2,3,236,0
371,3,3,3,61,3,3,127,0
402,4,4,123,63,3,3,251,0
453,82,4,5,63,3,4,211,1
455,84,4,5,56,3,4,209,1
541,82,3,122,51,3,83,393,2
382,4,3,4,54,3,3,122,0
471,83,3,123,56,2,2,316,1
428,4,3,4,59,4,3,124,0
370,3,4,121,59,3,4,244,0
391,4,3,5,58,3,3,125,0
364,3,3,122,56,3,3,240,0
542,83,4,123,57,3,83,402,2
386,3,5,6,67,2,4,136,0
383,4,4,123,66,4,4,258,0
488,84,3,4,54,4,4,219,1
377,3,3,123,53,4,4,237,0
565,83,3,4,66,3,82,292,2
540,82,3,122,57,3,83,400,2
383,4,4,5,60,3,3,130,0
494,85,4,122,62,3,3,332,1
406,5,3,4,59,6,3,140,0
389,3,3,4,62,3,3,130,0
376,3,3,122,52,3,3,230,0
542,82,3,4,60,3,82,281,2
369,3,2,4,63,3,4,127,0
378,3,2,4,59,4,3,124,0
403,4,4,122,55,4,6,257,0
391,4,2,3,60,3,3,129,0
450,5,5,6,69,4,4,168,0
544,83,3,122,53,2,3,313,1
452,83,3,122,49,4,3,314,1
367,3,4,122,56,2,4,242,0
373,4,3,3,54,3,3,122,0
384,5,3,122,53,3,3,242,0
541,82,2,122,55,2,82,396,2
454,3,3,4,49,3,4,113,0
397,6,4,123,61,4,4,254,0
438,6,3,123,70,5,6,287,0
378,2,3,4,59,4,5,126,0
486,83,3,5,58,3,3,217,1
391,4,3,5,58,3,7,132,0
373,3,2,121,52,2,3,233,0
565,84,4,5,50,4,83,290,2
559,83,3,122,68,3,84,412,2
421,4,3,123,71,4,5,265,0
398,5,3,5,55,2,3,124,0
383,4,3,122,57,3,3,237,0
373,4,3,4,54,3,3,111,0
401,5,4,122,51,3,3,256,0
507,84,4,5,65,4,5,232,1
400,4,4,123,63,3,4,251,0
369,4,3,122,56,3,3,252,0
360,3,3,4,54,2,3,114,0
384,3,4,4,58,3,2,123,0
472,82,4,5,62,3,3,206,1
374,4,2,4,61,3,4,126,0
395,4,3,123,66,3,4,257,0
537,82,3,123,55,3,83,401,2
396,3,4,123,62,3,3,252,0
379,5,3,122,57,3,4,250,0
404,4,4,4,62,4,4,144,0
383,4,3,5,54,3,3,122,0
442,82,3,123,51,3,3,315,1
381,3,3,122,60,2,2,241,0
389,3,3,123,60,2,4,246,0
351,4,2,122,52,3,3,236,0
486,4,4,4,61,3,2,138,0
533,82,2,5,57,4,82,279,2
523,83,3,122,63,3,83,404,2
399,6,3,122,57,3,3,252,0
368,4,3,4,56,4,4,130,0
374,5,3,123,59,3,4,249,0
371,3,3,123,54,4,4,245,0
396,4,3,123,54,3,3,239,0
429,5,3,123,59,4,4,258,0
427,3,2,3,55,3,4,147,0
376,3,3,4,57,4,5,131,0
538,83,3,123,50,3,83,399,2
401,4,3,3,67,3,3,133,0
552,83,4,123,63,3,83,412,2
373,4,3,5,62,3,3,135,0
434,5,3,122,74,4,4,278,0
356,4,4,122,52,4,3,243,0
549,83,4,123,54,4,83,401,2
375,5,3,5,65,3,3,134,0
423,3,3,122,50,2,3,233,0
359,3,3,4,56,3,4,123,0
387,3,2,4,62,3,3,126,0
484,84,3,3,60,3,3,215,1
567,83,2,123,63,3,82,409,2
425,8,3,122,58,4,6,257,0
438,4,4,5,74,5,4,171,0
376,4,3,123,57,2,3,243,0
362,4,3,122,54,8,3,243,0
389,4,2,4,54,4,3,123,0
554,83,4,122,58,4,83,405,2
379,4,3,5,54,3,4,126,0
406,5,2,122,54,3,4,240,0
376,3,3,5,60,8,3,133,0
351,3,3,123,54,2,3,234,0
374,4,4,122,67,4,3,250,0
478,84,3,5,67,4,5,229,1
390,4,4,123,55,3,4,241,0
478,83,3,121,54,3,3,316,1
387,4,3,4,58,3,3,126,0
482,83,4,122,51,3,4,318,1
470,84,3,123,53,3,4,324,1
540,82,3,122,52,3,83,396,2
390,3,4,122,62,6,4,253,0
374,4,3,122,61,3,3,247,0
380,5,3,6,63,2,3,133,0
422,4,3,121,51,4,3,243,0
378,3,3,4,56,3,3,125,0
395,4,3,4,57,3,3,121,0
415,3,3,3,54,3,3,121,0
387,4,4,4,60,3,4,133,0
364,3,3,5,63,3,4,131,0
397,3,3,4,63,3,3,132,0
382,3,2,5,56,3,4,129,0
382,4,4,122,53,3,3,241,0
375,4,3,121,47,3,4,231,0
451,5,3,123,61,3,4,264,0
363,4,4,4,53,3,3,120,0
382,3,3,122,61,3,4,251,0
429,5,4,5,70,4,3,156,0
419,5,3,4,62,4,4,147,0
395,5,2,123,62,3,3,259,0
553,84,3,4,58,3,83,292,2
380,4,3,4,59,4,3,126,0
337,4,2,4,54,4,3,117,0
408,5,4,122,52,3,5,255,0
393,4,3,4,54,2,4,120,0
368,4,3,5,54,3,3,121,0
405,5,3,121,59,4,4,255,0
380,4,4,5,64,3,3,134,0
371,4,4,3,55,3,3,123,0
396,4,4,5,64,4,4,137,0
389,3,3,122,66,3,3,249,0
432,4,4,122,62,4,3,255,0
466,84,3,123,63,4,4,336,1
433,4,2,121,54,6,4,257,0
363,3,3,3,57,3,3,123,0
369,3,3,122,52,3,3,239,0
408,5,3,5,64,3,5,141,0
367,4,4,4,58,4,4,126,0
382,4,4,123,60,4,4,250,0
428,5,3,5,61,4,4,142,0
550,83,4,5,55,3,83,283,2
358,4,3,5,52,3,4,117,0
414,5,4,4,55,3,4,126,0
475,6,4,5,72,5,5,164,0
384,6,3,4,56,3,3,130,0
548,82,4,3,54,4,82,281,2
398,5,3,4,57,3,2,132,0
396,4,3,3,66,3,4,138,0
528,82,3,4,61,5,82,286,2
380,3,2,4,50,4,3,113,0
529,83,4,123,58,3,82,401,2
355,4,2,122,56,4,3,242,0
362,4,4,122,57,3,4,239,0
382,3,2,4,64,4,4,127,0
433,4,2,122,57,8,4,261,0
418,4,3,4,52,4,4,134,0
449,83,3,122,58,3,4,322,1
381,3,4,123,62,3,3,249,0
462,84,4,4,54,3,3,209,1
440,82,3,122,61,3,4,330,1
375,3,3,4,63,2,3,130,0
403,4,3,4,57,4,3,129,0
413,5,3,121,55,4,3,252,0
381,4,3,122,51,3,6,241,0
623,85,4,122,73,7,84,456,2
530,82,4,123,63,2,83,406,2
465,81,4,122,56,3,3,318,1
366,3,3,4,51,3,3,115,0
375,4,3,122,59,4,4,246,0
395,4,3,122,55,4,3,242,0
368,4,4,123,62,2,3,255,0
379,3,4,4,63,3,4,133,0
353,4,4,123,61,3,4,248,0
403,3,4,123,58,3,3,259,0
463,83,5,4,67,2,3,213,1
365,3,3,4,59,3,3,128,0
384,4,3,4,50,3,4,118,0
459,83,3,122,60,3,4,329,1
415,6,3,4,61,4,5,153,0
578,83,4,123,63,3,83,412,2
392,4,4,4,60,3,3,128,0
383,3,4,124,63,3,3,254,0
394,3,4,122,63,4,3,253,0
390,3,3,122,55,2,4,241,0
368,3,2,4,52,3,4,122,0
393,3,3,5,67,3,3,137,0
401,4,3,4,51,2,4,137,0
363,5,3,123,58,4,2,245,0
398,3,4,122,68,3,4,257,0
404,4,3,122,56,3,2,242,0
364,3,4,122,54,3,4,239,0
549,83,4,122,63,3,83,408,2
397,3,3,5,58,3,3,133,0
424,5,4,122,57,3,4,261,0
398,4,3,4,69,2,4,137,0
589,86,5,5,68,5,84,327,2
373,4,3,122,55,2,3,239,0
373,3,2,122,62,3,3,246,0
527,82,4,123,56,4,83,404,2
375,3,4,5,58,4,4,129,0
397,4,3,122,59,3,4,246,0
470,83,3,122,56,3,3,324,1
364,3,3,122,62,3,3,246,0
355,3,2,121,51,2,4,232,0
529,82,3,122,59,4,4,321,1
389,3,3,122,66,3,3,252,0
376,3,3,4,59,2,3,126,0
381,3,3,5,27,2,3,73,0
347,3,4,4,48,4,4,119,0
364,3,3,5,53,3,4,122,0
574,84,5,4,56,5,84,307,2
375,3,2,123,58,3,4,239,0
371,3,4,5,60,4,2,127,0
444,5,4,123,64,4,2,259,0
368,5,3,122,57,3,4,242,0
359,3,3,122,54,3,3,236,0
372,4,4,122,58,3,2,245,0
383,3,3,122,63,3,4,250,0
389,9,3,4,63,3,3,138,0
431,4,3,122,73,4,5,279,0
424,3,4,123,64,4,4,249,0
385,4,3,5,58,3,4,129,0
362,4,3,4,55,3,3,123,0
454,84,3,3,60,3,5,205,1
544,83,4,5,50,3,83,276,2
382,4,2,123,57,3,4,241,0
335,3,3,121,53,3,4,235,0
392,3,3,122,63,3,2,246,0
503,86,3,5,74,4,5,251,1
383,3,4,5,68,4,4,146,0
409,5,4,122,57,4,6,261,0
369,3,3,5,55,3,4,124,0
449,83,3,122,60,4,4,324,1
381,3,3,5,58,2,4,121,0
356,4,2,4,53,4,3,119,0
438,8,5,124,73,6,3,292,0
410,4,3,122,50,4,4,248,0
374,4,4,122,59,3,1,247,0
475,83,3,5,55,3,3,211,1
396,4,3,121,56,4,3,256,0
466,83,3,4,63,3,4,211,1
603,83,4,123,67,3,82,414,2
379,4,3,122,58,3,4,248,0
467,82,3,123,56,2,3,317,1
436,83,3,122,52,3,4,309,1
344,7,4,122,55,4,4,239,0
474,83,5,6,57,5,4,219,1
467,88,2,123,45,3,4,327,1
393,4,3,4,66,3,3,138,0
392,3,4,4,58,3,3,129,0
541,83,3,122,55,3,83,408,2
383,3,3,122,55,3,3,237,0
533,83,3,122,66,2,83,412,2
398,5,3,123,57,5,4,257,0
399,4,3,123,60,3,3,246,0
381,4,4,4,58,1,3,124,0
401,5,3,3,58,3,5,129,0
372,4,3,122,54,3,4,239,0
392,5,3,122,60,4,4,246,0
399,4,3,123,63,4,3,251,0
366,4,2,122,48,3,4,229,0
376,3,3,5,53,3,3,115,0
342,3,3,4,60,3,3,123,0
360,4,3,123,55,3,3,241,0
427,82,3,4,54,3,3,200,1
408,3,3,123,62,4,2,246,0
370,4,4,123,59,3,5,246,0
420,5,3,121,53,3,6,249,0
411,5,4,122,61,3,4,258,0
412,5,3,4,58,4,4,149,0
371,4,3,5,57,4,3,125,0
416,3,3,123,58,3,3,244,0
374,3,3,4,54,3,3,117,0
399,5,4,4,63,3,3,133,0
439,82,3,123,58,3,2,321,1
393,4,4,123,63,3,3,250,0
375,5,2,123,60,3,3,245,0
381,4,2,4,54,4,5,115,0
377,4,5,122,50,3,3,238,0
424,5,3,4,60,4,4,145,0
361,4,3,4,52,3,4,113,0
378,3,4,122,55,4,3,246,0
535,82,3,123,57,3,82,400,2
352,3,3,123,49,3,4,231,0
382,4,3,123,61,4,3,246,0
402,5,5,124,65,3,3,260,0
444,6,4,4,73,5,5,169,0
419,6,5,6,71,5,4,164,0
362,3,3,5,56,2,3,121,0
555,84,4,122,64,3,82,412,2
392,3,3,122,67,3,3,253,0
469,3,3,6,60,3,5,134,0
518,83,3,5,56,3,82,279,2
381,4,4,123,61,4,3,250,0
390,3,2,5,63,4,3,128,0
421,4,4,5,56,4,4,144,0
389,5,3,123,56,3,4,245,0
375,3,4,4,61,3,3,127,0
393,3,3,122,65,3,3,261,0
391,4,3,3,54,3,3,124,0
358,4,4,123,56,3,4,245,0
542,82,3,122,55,4,83,391,2
355,2,3,122,59,3,3,239,0
375,4,3,5,63,4,3,135,0
384,3,3,4,62,2,3,135,0
381,3,3,4,60,3,7,131,0
357,3,3,121,56,2,3,231,0
563,83,3,123,53,4,83,396,2
411,4,2,4,60,3,3,147,0
356,3,3,4,61,4,3,124,0
359,4,3,122,54,2,3,240,0
385,3,3,5,57,3,3,129,0
478,83,4,123,65,4,3,328,1
367,3,4,3,54,4,5,124,0
552,84,3,121,61,3,83,406,2
389,4,2,4,55,3,3,120,0
440,5,3,120,54,3,3,247,0
368,4,3,5,62,4,3,128,0
375,4,3,122,58,3,3,242,0
371,4,3,3,52,3,4,119,0
579,85,3,122,60,4,83,418,2
385,3,3,123,59,3,4,245,0
437,11,4,5,71,3,4,169,0
541,84,5,5,55,3,83,289,2
404,5,4,123,65,4,3,265,0
400,5,4,123,50,3,3,240,0
379,3,2,4,56,3,3,122,0
360,3,4,5,53,3,3,124,0
547,82,4,122,63,3,82,410,2
396,5,4,122,60,3,4,250,0
561,82,3,122,53,3,82,402,2
472,4,3,122,69,5,3,274,0
407,4,4,122,55,3,3,244,0
354,4,3,4,54,3,4,121,0
504,83,3,3,71,4,3,229,1
392,3,3,5,66,3,3,135,0
383,4,4,122,53,3,3,233,0
359,4,3,5,52,4,2,117,0
462,82,3,122,58,4,3,324,1
378,4,3,123,56,3,2,241,0
383,4,4,5,62,3,3,135,0
400,5,3,5,61,4,4,133,0
489,4,3,4,63,5,4,139,0
537,83,4,121,53,2,83,403,2
376,3,3,4,55,3,3,126,0
355,3,3,5,56,3,2,122,0
492,83,3,5,52,8,5,208,1
391,3,4,5,64,3,3,137,0
387,3,4,4,53,3,5,119,0
572,84,4,123,63,3,83,414,2
388,3,3,3,56,3,3,125,0
362,2,3,123,60,3,3,240,0
368,2,2,3,59,3,3,117,0
508,4,2,122,51,3,3,263,0
393,4,3,4,54,3,3,120,0
374,4,3,122,54,3,4,240,0
451,82,3,4,62,3,4,204,1
368,4,3,123,55,3,3,238,0
388,3,3,3,64,3,3,128,0
444,5,3,122,72,5,4,284,0
389,12,4,122,56,3,4,254,0
379,3,3,122,57,3,3,243,0
352,5,4,122,54,3,3,241,0
412,10,3,4,57,3,4,144,0
383,4,4,4,61,4,4,131,0
384,4,4,122,56,4,4,242,0
366,2,3,3,58,3,4,124,0
387,3,3,4,66,3,4,136,0
373,3,2,4,56,3,3,122,0
494,5,3,3,56,3,4,135,0
426,5,4,4,62,4,3,153,0
374,4,4,4,60,3,3,132,0
390,3,3,4,57,2,4,123,0
395,4,3,122,54,3,4,246,0
380,3,4,121,55,3,4,240,0
373,3,3,5,65,3,3,140,0
377,3,3,5,61,3,3,129,0
441,82,2,122,59,3,4,319,1
459,83,3,122,58,2,3,325,1
388,4,2,4,49,4,2,113,0
387,3,3,123,60,2,3,241,0
378,4,3,123,61,3,3,251,0
423,3,4,5,73,2,3,143,0
411,2,3,121,51,2,4,227,0
444,4,3,4,61,3,4,135,0
532,83,4,4,56,3,82,277,2
394,4,3,122,55,3,4,247,0
552,82,3,123,66,4,83,411,2
378,3,4,5,56,3,4,129,0
533,82,3,5,56,3,82,278,2
429,5,3,5,68,4,5,156,0
373,3,3,122,52,2,3,232,0
541,83,4,6,65,6,83,297,2
372,5,3,4,58,4,3,126,0
358,3,3,122,57,4,3,244,0
380,3,3,122,57,2,2,237,0
382,4,3,122,55,3,3,247,0
446,4,2,6,78,5,3,163,0
429,5,5,5,69,5,4,159,0
354,3,4,122,61,2,2,242,0
394,5,3,123,66,3,4,257,0
464,83,3,123,61,3,4,331,1
461,4,3,123,69,7,4,276,0
377,3,3,4,57,3,3,117,0
426,6,4,4,59,4,4,141,0
359,4,4,3,60,3,4,126,0
424,6,3,4,60,4,3,147,0
534,83,4,5,54,3,82,283,2
392,5,3,123,65,2,3,256,0
380,4,4,123,59,3,3,245,0
418,6,2,3,57,2,4,138,0
414,3,3,123,49,4,3,233,0
411,4,4,123,66,3,4,255,0
386,5,3,122,60,3,4,245,0
369,3,3,4,58,3,4,132,0
375,3,3,123,63,3,3,250,0
541,89,4,5,58,3,83,296,2
389,4,3,123,56,3,3,242,0
391,4,3,5,64,3,3,133,0
562,83,5,5,60,4,83,299,2
463,83,3,4,56,3,3,202,1
407,5,3,122,57,3,5,252,0
385,3,3,122,57,4,3,242,0
452,82,4,122,56,3,4,327,1
396,4,4,4,59,3,2,123,0
521,83,3,123,58,3,82,400,2
426,3,3,122,55,2,4,244,0
357,3,3,4,59,3,2,124,0
462,84,3,122,53,3,4,324,1
400,5,3,123,53,3,4,240,0
461,83,3,121,54,3,4,324,1
560,83,3,123,62,3,82,408,2
381,3,2,3,45,3,2,105,0
386,3,3,4,67,3,3,135,0
486,84,3,5,67,4,4,217,1
367,3,3,122,54,3,3,235,0
362,3,3,4,58,3,2,126,0
373,4,4,122,60,4,2,242,0
358,3,3,4,59,4,3,122,0
539,83,3,122,56,4,83,402,2
460,82,3,4,52,3,3,199,1
561,84,3,122,49,4,82,400,2
363,3,3,123,62,3,3,244,0
418,6,4,124,66,4,3,278,0
533,83,3,123,57,3,82,402,2
461,83,4,5,53,4,4,204,1
392,5,3,4,53,3,4,120,0
534,82,3,5,57,3,82,280,2
405,3,3,121,49,2,5,253,0
453,84,3,121,49,4,3,318,1
384,4,2,4,52,3,3,120,0
398,4,4,124,62,3,4,252,0
362,4,2,122,51,3,3,226,0
362,3,3,122,58,3,3,240,0
384,3,4,5,58,4,3,132,0
376,3,4,5,65,5,3,133,0
381,4,3,4,59,3,4,128,0
357,4,2,122,47,3,3,227,0
367,3,3,122,59,3,3,247,0
388,6,4,122,62,4,4,254,0
378,3,4,123,61,3,3,249,0
367,3,3,122,52,3,4,236,0
396,4,3,4,57,3,3,130,0
539,85,4,4,59,3,83,300,2
388,3,4,123,63,3,3,250,0
370,4,2,124,54,3,3,241,0
448,4,4,123,71,5,5,284,0
402,4,3,4,61,5,5,143,0
364,4,4,122,56,3,3,241,0
543,83,6,5,56,4,83,292,2
374,5,3,4,57,3,3,125,0
395,5,3,122,61,3,3,241,0
381,4,4,123,58,4,2,246,0
467,84,3,122,63,4,3,333,1
355,3,3,123,58,4,4,248,0
392,4,3,4,60,3,4,133,0
372,3,3,4,64,2,4,127,0
561,85,4,4,54,5,84,300,2
357,3,3,4,55,3,4,126,0
520,85,5,5,71,5,5,250,1
382,4,3,122,58,3,3,246,0
379,4,3,4,57,2,3,126,0
437,5,3,124,73,5,5,290,0
594,86,3,4,67,4,84,325,2
384,5,3,3,57,3,3,129,0
378,3,3,4,51,2,2,116,0
389,4,3,4,60,3,5,128,0
462,83,4,123,53,4,3,327,1
534,83,3,3,57,3,82,280,2
381,2,3,5,59,3,3,121,0
398,5,4,5,63,4,3,136,0
385,5,4,123,60,4,4,252,0
406,4,3,122,59,2,4,252,0
422,5,3,123,67,3,4,276,0
537,83,3,4,61,4,83,289,2
392,4,4,5,66,3,3,137,0
380,5,3,123,58,3,4,250,0
421,5,5,122,72,3,5,280,0
366,4,3,4,51,3,3,122,0
381,4,3,4,58,5,3,125,0
371,4,3,5,62,2,2,128,0
475,83,3,123,60,3,3,324,1
403,5,3,122,64,4,4,263,0
523,83,3,4,53,3,83,279,2
464,83,3,122,63,5,4,330,1
358,3,3,4,55,3,3,115,0
461,83,3,122,60,3,5,331,1
359,3,3,4,63,3,3,125,0
454,84,3,122,54,4,2,320,1
544,84,3,4,57,3,82,289,2
482,84,3,123,54,2,4,329,1
560,82,2,123,57,3,82,399,2
367,3,3,122,57,4,4,241,0
392,7,3,3,50,3,3,116,0
387,4,4,123,64,3,4,254,0
435,6,4,4,66,4,4,155,0
422,4,3,122,60,3,3,253,0
372,4,4,4,57,3,3,126,0
362,3,3,123,55,3,3,238,0
382,6,3,123,66,4,4,256,0
372,3,3,4,66,2,3,134,0
361,3,2,4,60,3,4,126,0
401,4,3,122,54,4,5,245,0
573,84,3,121,52,3,83,406,2
389,3,3,5,59,4,3,133,0
379,4,3,122,61,4,3,243,0
392,4,3,4,58,4,3,130,0
507,83,4,122,70,5,5,360,1
374,4,3,4,54,3,3,117,0
378,4,4,123,64,3,2,251,0
371,4,3,3,57,3,2,118,0
365,4,3,123,58,3,4,241,0
456,4,3,122,59,3,2,263,0
417,5,3,122,63,3,5,264,0
536,84,3,122,62,3,82,406,2
363,4,2,3,53,3,5,114,0
379,4,3,121,57,4,4,243,0
381,4,3,4,56,4,4,126,0
388,3,3,4,58,3,4,131,0
388,4,4,5,59,3,3,128,0
368,3,3,4,57,2,3,120,0
511,82,5,7,56,2,82,286,2
445,5,3,4,57,2,3,121,0
376,4,3,3,59,3,4,126,0
368,4,3,4,57,3,4,129,0
371,4,2,4,58,3,4,123,0
365,4,3,3,45,3,3,113,0
522,84,3,122,56,3,83,401,2
397,4,4,123,62,3,3,249,0
458,82,4,3,55,2,7,205,1
551,84,3,3,56,3,83,297,2
377,3,4,5,65,3,3,135,0
377,3,3,122,63,4,3,250,0
496,83,3,121,60,4,4,329,1
385,4,3,5,57,5,3,126,0
442,4,2,5,72,4,4,162,0
531,85,4,5,68,3,5,241,1
374,4,3,4,56,3,5,126,0
362,3,3,4,59,3,3,119,0
361,4,3,123,53,4,4,241,0
390,4,3,4,64,3,3,135,0
476,83,3,123,57,8,4,331,1
379,3,2,4,62,3,4,130,0
384,4,4,122,60,3,3,243,0
533,82,3,5,60,4,83,288,2
522,82,4,123,58,3,82,404,2
403,4,3,123,55,4,3,238,0
371,4,3,4,59,3,3,125,0
375,4,3,122,56,4,3,243,0
387,5,3,4,57,3,4,126,0
410,3,3,123,68,3,4,256,0
377,4,3,3,55,3,4,123,0
442,4,4,122,68,4,4,273,0
371,3,3,122,57,4,2,246,0
400,3,3,5,56,3,4,129,0
525,81,3,122,59,3,82,404,2
373,4,3,122,65,3,3,257,0
526,83,3,122,57,3,82,399,2
377,4,4,4,56,3,3,124,0
384,4,4,122,57,4,4,255,0
368,3,2,123,63,3,4,241,0
377,4,3,122,61,3,3,244,0
539,82,3,122,62,3,82,403,2
362,5,3,122,57,3,3,244,0
379,4,3,122,64,4,4,252,0
365,4,3,4,63,3,4,136,0
378,7,3,122,58,3,4,246,0
366,3,3,4,55,3,4,123,0
381,4,3,4,52,4,4,121,0
383,4,3,122,57,3,3,238,0
473,82,3,123,59,2,3,329,1
382,3,3,123,60,4,4,250,0
389,4,5,122,58,3,4,246,0
368,3,2,121,57,2,3,239,0
386,4,3,122,55,3,4,240,0
377,4,4,123,56,3,3,244,0
375,4,3,3,50,3,4,117,0
365,4,3,121,54,3,4,242,0
394,5,3,122,58,4,4,260,0
421,4,3,5,52,4,4,117,0
386,3,3,123,63,4,3,247,0
388,4,3,122,63,4,3,251,0
426,4,3,4,65,3,3,131,0
560,83,3,4,55,7,83,282,2
471,84,4,4,57,2,3,207,1
411,4,3,5,70,4,4,143,0
469,5,3,122,51,4,4,242,0
564,84,3,122,58,4,83,412,2
582,83,4,123,57,4,82,407,2
345,2,3,4,62,3,2,129,0
423,4,3,5,66,2,4,151,0
377,4,3,122,65,3,3,251,0
357,3,3,4,59,4,2,125,0
413,4,3,122,55,3,3,243,0
419,4,4,4,61,5,4,140,0
563,84,3,122,55,2,82,408,2
377,3,3,4,67,3,3,137,0
374,4,4,5,50,3,3,123,0
555,83,3,4,60,3,82,287,2
400,3,3,4,59,3,4,126,0
556,83,5,5,63,3,82,289,2
390,3,5,5,63,3,3,135,0
393,5,3,121,62,4,4,258,0
403,3,2,122,67,3,4,251,0
367,4,3,3,52,3,5,118,0
377,3,3,5,57,3,3,128,0
551,86,3,4,61,3,83,292,2
365,3,2,4,52,3,3,118,0
370,3,3,122,61,4,3,245,0
546,84,2,121,62,3,4,328,1
382,3,3,4,58,3,4,120,0
380,4,2,4,58,3,4,133,0
460,82,3,122,55,3,3,322,1
381,6,3,4,64,4,4,137,0
396,5,3,4,61,3,3,128,0
585,84,3,122,60,4,83,407,2
392,4,3,122,61,3,4,245,0
370,3,5,5,62,3,3,136,0
369,2,3,5,53,4,3,122,0
418,4,3,3,50,3,4,132,0
380,4,2,4,59,3,4,131,0
519,85,3,123,58,3,4,342,1
359,4,4,123,59,4,3,247,0
368,3,3,4,55,3,3,114,0
390,5,3,122,50,3,3,244,0
464,83,3,4,57,3,4,207,1
391,3,4,5,68,3,2,137,0
372,2,3,5,60,3,4,127,0
408,5,5,122,55,2,4,242,0
372,3,3,122,60,2,3,246,0
407,4,3,4,58,3,4,127,0
390,3,4,4,66,3,4,133,0
421,6,4,5,66,4,5,171,0
380,5,3,4,54,3,3,119,0
366,3,3,122,59,4,4,243,0
385,3,3,122,55,3,3,237,0
367,3,3,6,61,3,4,132,0
539,84,4,3,54,3,83,279,2
387,4,3,122,58,3,4,251,0
405,4,3,122,52,3,3,240,0
346,3,3,4,65,2,3,131,0
370,4,3,121,62,3,3,246,0
442,6,4,122,65,4,3,270,0
463,83,2,122,57,3,4,328,1
394,3,3,3,66,3,4,130,0
374,5,4,122,60,4,4,245,0
368,4,2,5,55,3,3,119,0
390,4,3,4,53,3,3,120,0
388,5,3,5,59,3,3,132,0
402,5,4,5,64,3,4,139,0
387,4,3,122,59,3,3,244,0
400,4,3,123,56,4,3,244,0
383,3,3,122,63,3,4,253,0
443,5,3,4,70,5,3,157,0
388,3,3,4,59,3,3,124,0
407,4,3,4,62,3,4,130,0
378,4,3,122,54,3,4,249,0
462,83,3,123,54,3,4,318,1
380,4,3,3,58,3,4,122,0
365,3,4,5,63,3,3,131,0
382,3,3,123,64,3,3,251,0
358,3,4,122,55,4,4,242,0
375,5,3,4,54,3,3,121,0
398,4,3,4,61,3,4,132,0
598,83,3,121,54,4,83,411,2
473,82,3,122,52,3,3,313,1
373,4,3,123,62,3,3,249,0
445,3,3,122,58,4,2,239,0
427,3,3,3,58,4,4,125,0
460,82,3,122,58,3,3,325,1
413,4,3,4,62,3,3,127,0
573,84,3,123,60,5,83,424,2
365,4,3,122,56,3,3,242,0
380,5,4,122,59,3,3,245,0
399,4,3,4,61,3,3,126,0
400,5,3,3,64,3,3,138,0
379,4,3,122,60,3,3,249,0
385,4,3,3,51,2,4,123,0
384,4,4,123,60,3,3,248,0
380,4,4,4,62,3,3,132,0
450,83,4,123,58,3,3,322,1
376,3,3,4,58,2,4,126,0
374,3,2,4,54,2,3,120,0
425,5,3,123,53,3,4,248,0
374,4,3,123,58,3,3,244,0
379,4,2,122,49,4,2,236,0
381,4,3,5,64,3,4,133,0
407,4,3,122,60,4,4,249,0
369,3,2,122,55,3,4,243,0
391,3,4,122,58,2,3,246,0
408,5,3,4,56,4,3,134,0
446,82,3,4,54,2,3,196,1
420,3,3,122,50,4,3,235,0
349,4,3,3,56,3,4,122,0
511,84,3,3,60,4,4,221,1
399,4,4,123,65,4,5,259,0
366,4,4,122,59,3,3,244,0
408,5,3,5,58,3,4,141,0
418,4,3,122,52,3,2,238,0
403,5,2,122,53,4,3,249,0
407,3,3,4,64,3,3,128,0
378,3,2,121,64,3,3,244,0
479,82,4,5,62,3,5,212,1
396,3,2,123,58,3,4,248,0
390,4,3,123,57,4,3,245,0
379,3,4,123,60,3,4,251,0
396,4,3,122,59,3,4,250,0
543,83,3,123,60,3,82,403,2
620,83,3,122,64,4,82,412,2
366,4,4,4,59,3,3,128,0
409,3,3,6,69,4,4,141,0
389,2,3,5,62,2,3,129,0
381,3,3,4,53,3,4,123,0
409,5,3,4,57,4,3,131,0
393,5,3,121,58,3,3,243,0
378,3,3,123,67,3,4,251,0
389,3,3,5,52,3,3,119,0
394,3,3,4,55,3,3,120,0
376,10,4,3,57,4,3,135,0
399,5,3,3,49,3,4,119,0
372,4,3,4,58,3,3,125,0
377,4,4,5,68,2,3,132,0
396,4,3,122,57,3,4,248,0
369,3,4,122,58,2,4,239,0
372,4,3,123,61,3,4,247,0
569,85,3,123,54,4,83,418,2
368,5,5,4,55,3,4,127,0
369,4,3,122,51,4,4,238,0
394,3,4,123,63,2,3,246,0
535,83,4,5,61,4,82,287,2
402,4,4,124,57,3,3,253,0
602,82,3,4,51,3,83,281,2
383,3,2,121,62,3,3,256,0
376,4,3,4,60,4,4,129,0
417,5,3,4,53,4,3,128,0
401,5,4,4,61,3,4,132,0
370,3,3,4,54,3,3,120,0
343,3,2,4,58,3,3,122,0
465,82,4,5,68,3,3,215,1
394,3,3,122,60,3,3,243,0
354,4,3,5,53,2,3,117,0
601,84,5,5,68,3,84,319,2
393,4,3,5,56,3,3,127,0
372,3,3,122,62,3,3,244,0
372,3,3,5,60,3,4,125,0
373,5,3,4,55,3,3,122,0
390,3,3,121,60,3,4,247,0
394,3,4,122,58,3,3,252,0
380,3,4,5,64,3,4,134,0
395,2,3,3,58,4,3,129,0
457,83,3,4,59,3,4,205,1
378,3,3,123,69,3,3,253,0
368,4,3,4,63,3,3,132,0
384,4,3,123,58,2,4,245,0
394,3,3,122,52,4,3,237,0
391,3,2,4,47,3,3,109,0
399,4,3,123,59,2,4,245,0
478,84,3,5,51,4,4,200,1
391,4,4,4,55,3,4,125,0
377,4,3,3,57,4,3,124,0
371,4,4,5,55,3,6,126,0
395,4,3,5,62,3,3,134,0
374,5,3,123,63,3,3,246,0
376,3,3,3,53,3,3,119,0
376,3,3,122,63,2,4,247,0
380,3,3,123,58,3,3,250,0
411,4,4,122,50,3,3,238,0
406,4,4,4,62,3,3,127,0
359,3,3,122,56,4,3,241,0
343,3,3,4,47,3,3,105,0
412,4,3,4,55,3,4,124,0
367,3,3,122,56,3,3,241,0
427,4,3,4,59,3,4,163,0
541,83,2,122,49,4,83,394,2
348,3,5,123,56,4,3,250,0
377,4,3,123,52,3,2,238,0
370,3,3,123,56,4,2,238,0
556,83,4,123,63,3,82,411,2
373,3,4,4,64,2,3,131,0
388,4,3,4,51,3,3,118,0
368,3,4,4,57,3,4,120,0
371,2,2,4,55,3,3,116,0
357,3,4,123,52,2,3,238,0
400,5,3,122,56,3,4,257,0
380,4,3,5,58,3,4,127,0
524,83,3,122,53,3,82,397,2
454,4,4,3,63,3,3,137,0
387,3,4,4,65,3,3,132,0
367,3,3,4,61,3,4,122,0
368,3,3,123,56,3,4,247,0
391,3,4,123,61,3,3,245,0
397,3,4,123,56,4,4,247,0
412,4,3,122,54,4,5,255,0
403,4,4,122,51,4,4,249,0
431,6,4,123,69,4,3,285,0
387,3,3,123,59,3,3,250,0
369,3,4,122,57,3,3,244,0
368,4,3,5,54,2,4,118,0
390,3,3,122,52,3,4,255,0
532,83,3,123,56,2,82,397,2
401,4,2,5,58,4,3,125,0
382,4,3,3,54,2,3,121,0
376,4,4,122,60,3,3,248,0
368,3,3,4,53,3,4,121,0
382,4,3,121,51,3,4,239,0
367,4,3,4,60,3,3,129,0
393,3,3,5,61,3,3,128,0
387,4,4,123,62,4,4,250,0
396,5,4,122,64,4,4,256,0
399,4,3,122,61,3,8,246,0
370,2,2,121,50,2,2,228,0
382,3,3,123,59,3,3,246,0
369,4,3,122,55,3,3,243,0
430,6,3,123,77,4,4,287,0
393,4,4,4,57,3,4,127,0
464,84,3,122,54,3,4,327,1
479,82,3,122,60,3,4,331,1
375,3,4,4,52,2,4,121,0
546,82,4,123,56,3,82,403,2
375,4,3,122,56,3,3,248,0
373,3,4,4,54,4,3,121,0
539,83,3,122,60,2,83,403,2
351,2,3,5,59,4,3,126,0
381,4,3,122,60,3,3,242,0
365,3,3,5,54,3,3,119,0
370,5,3,4,56,4,4,126,0
342,3,3,3,48,3,2,107,0
389,4,4,123,61,4,4,248,0
362,4,3,123,63,3,4,250,0
349,4,3,5,52,3,4,118,0
401,5,3,123,55,4,3,248,0
379,4,3,123,64,4,3,255,0
462,83,3,123,67,3,4,334,1
407,5,3,3,64,3,3,129,0
369,4,3,122,63,3,3,245,0
442,82,2,122,56,4,4,313,1
381,3,3,4,58,2,5,123,0
365,4,3,3,47,4,3,116,0
457,83,4,124,67,3,4,332,1
402,4,3,122,63,3,4,250,0
647,83,3,4,58,3,83,284,2
377,4,3,122,52,2,3,234,0
413,3,4,123,57,3,4,241,0
382,3,3,123,54,3,4,243,0
386,4,3,4,54,4,4,122,0
387,4,3,122,55,3,3,240,0
506,84,3,123,52,3,3,324,1
420,5,4,4,71,4,4,164,0
387,3,3,122,68,4,3,251,0
488,83,3,4,60,3,4,216,1
543,82,3,124,61,2,83,406,2
430,5,2,5,62,4,4,148,0
532,83,3,4,58,3,82,288,2
389,6,2,4,63,4,3,127,0
408,3,3,121,56,3,3,235,0
380,3,3,3,55,3,4,124,0
455,84,3,122,58,3,3,329,1
398,4,4,122,60,3,4,250,0
387,4,3,122,59,3,4,243,0
378,3,3,122,57,2,4,242,0
382,4,2,5,55,3,3,124,0
379,3,3,122,59,3,3,242,0
408,3,3,123,60,3,3,247,0
395,5,3,123,62,3,3,256,0
388,5,3,122,57,3,3,239,0
377,3,3,123,54,3,3,242,0
458,4,3,3,56,3,4,120,0
397,5,3,5,62,4,4,133,0
585,84,3,121,65,4,84,431,2
481,4,4,5,73,4,4,163,0
358,3,3,122,59,4,4,243,0
481,83,3,123,69,4,5,341,1
563,84,2,4,56,2,82,278,2
417,7,3,123,65,4,3,257,0
404,3,2,122,51,4,3,238,0
470,84,3,4,69,4,4,220,1
561,84,3,3,63,4,5,232,1
377,2,3,122,62,4,4,247,0
383,3,3,4,58,3,3,126,0
397,6,4,122,53,4,5,252,0
587,83,3,5,58,3,82,286,2
365,3,3,4,57,3,3,123,0
438,3,3,5,61,3,3,129,0
362,3,4,5,57,4,3,129,0
453,83,2,4,56,3,4,202,1
393,3,3,4,57,4,3,128,0
402,5,2,121,56,3,3,254,0
371,4,3,122,59,3,3,248,0
367,5,4,4,61,4,3,136,0
368,4,3,6,49,4,4,126,0
478,83,3,5,58,3,4,210,1
521,82,4,3,54,3,83,275,2
389,5,3,4,65,3,3,138,0
383,4,4,123,57,2,4,241,0
571,84,4,123,66,4,83,418,2
406,3,4,122,65,2,4,255,0
356,4,2,4,59,3,4,126,0
360,3,3,121,54,3,3,235,0
375,3,3,4,51,3,3,124,0
391,4,3,3,56,4,3,124,0
339,3,3,4,57,3,4,125,0
381,3,4,123,61,3,3,247,0
403,5,4,122,57,4,4,255,0
587,83,4,6,63,3,84,299,2
343,3,3,123,54,3,4,234,0
444,82,3,4,52,3,4,194,1
388,4,3,4,57,3,4,122,0
388,3,4,4,61,3,4,132,0
355,4,3,5,54,4,3,123,0
532,82,4,4,59,4,83,282,2
373,4,3,124,61,3,3,251,0
351,3,3,4,58,3,4,121,0
515,83,3,5,58,3,82,284,2
406,5,2,3,56,3,2,137,0
455,82,4,123,57,3,4,325,1
362,3,3,4,55,2,3,115,0
368,3,4,4,63,3,3,133,0
415,6,4,123,70,5,4,279,0
358,4,3,122,57,3,3,240,0
457,83,3,122,59,3,3,320,1
384,3,3,5,68,4,3,136,0
511,82,4,124,48,3,4,311,1
373,4,3,122,64,3,3,251,0
349,4,3,3,58,3,3,123,0
403,4,4,123,62,4,5,267,0
395,4,2,4,59,2,3,124,0
395,3,3,5,65,3,3,131,0
371,4,3,122,56,3,3,246,0
360,3,4,4,61,4,3,126,0
386,3,3,123,60,3,4,246,0
439,5,2,122,58,5,6,260,0
655,84,3,3,63,4,84,310,2
392,3,4,123,59,3,4,247,0
370,4,3,123,59,2,4,241,0
393,3,3,4,54,3,3,120,0
453,82,3,123,53,3,3,312,1
349,4,2,4,56,3,4,114,0
374,4,3,5,57,3,3,127,0
540,83,3,5,59,3,82,284,2
352,3,4,122,56,3,4,244,0
390,4,3,124,62,3,3,248,0
378,4,3,3,57,3,3,123,0
450,13,3,4,59,3,4,137,0
381,4,3,122,58,3,4,244,0
379,5,3,5,50,3,4,127,0
406,4,3,122,60,6,3,252,0
465,82,3,123,61,3,4,326,1
350,3,3,122,52,2,3,231,0
432,5,5,4,66,4,5,155,0
361,4,3,123,58,3,3,249,0
357,3,3,123,55,3,3,238,0
361,4,3,123,66,4,3,255,0
393,3,4,122,67,4,4,254,0
501,85,3,122,57,3,5,340,1
379,4,4,122,67,3,3,252,0
535,82,3,123,65,3,83,409,2
391,4,3,4,59,4,4,126,0
469,84,4,3,54,7,4,208,1
390,3,3,5,61,4,5,131,0
362,4,2,122,54,4,3,239,0
379,4,3,4,66,3,3,130,0
384,4,4,4,56,3,3,122,0
407,4,3,120,59,4,3,255,0
368,3,2,122,57,3,3,237,0
366,4,3,122,51,3,4,238,0
373,4,3,5,57,2,3,122,0
380,4,3,121,55,4,3,246,0
382,5,3,122,60,3,3,250,0
410,4,3,121,55,2,3,239,0
375,3,4,5,62,2,3,129,0
531,83,3,4,55,3,84,282,2
403,8,4,3,60,4,4,147,0
384,5,2,123,51,3,4,245,0
388,3,3,123,57,3,4,252,0
384,4,3,122,51,4,4,234,0
361,3,3,122,61,2,3,250,0
460,83,3,123,61,3,4,324,1
447,85,3,3,57,4,3,212,1
382,4,3,122,68,2,3,254,0
519,83,4,124,57,3,82,399,2
464,82,2,5,60,3,3,202,1
406,4,3,4,56,2,4,131,0
419,5,3,122,48,3,7,252,0
434,5,3,123,60,4,4,262,0
402,3,4,122,64,2,3,244,0
367,5,4,122,57,4,3,248,0
375,4,2,5,62,3,3,129,0
457,83,4,4,64,3,3,213,1
552,82,3,123,56,2,82,399,2
397,3,3,122,52,4,2,244,0
387,3,3,4,57,5,3,126,0
420,5,2,122,55,3,3,255,0
391,3,3,5,56,3,3,122,0
423,4,2,121,55,4,3,241,0
391,3,3,4,57,3,3,115,0
380,3,4,124,59,4,3,247,0
466,84,4,123,62,2,4,331,1
464,3,3,4,57,3,4,122,0
379,3,4,123,62,3,4,252,0
381,4,3,5,58,3,3,122,0
391,3,3,5,54,2,3,122,0
406,4,4,122,54,4,3,243,0
439,4,3,122,56,3,5,248,0
554,83,2,122,65,4,83,414,2
420,5,4,5,62,3,5,149,0
464,83,3,122,63,3,3,329,1
365,4,3,4,57,4,3,128,0
395,4,3,5,64,3,2,130,0
389,4,4,4,55,4,3,134,0
716,82,4,122,55,3,82,399,2
505,84,4,124,64,4,5,346,1
596,82,4,122,76,4,84,444,2
470,83,3,122,56,3,4,329,1
369,4,3,121,56,3,3,238,0
518,82,3,4,56,5,3,212,1
387,4,3,123,64,4,3,251,0
372,4,2,122,56,3,4,243,0
353,3,3,121,52,3,2,234,0
377,4,4,4,67,3,3,136,0
424,3,3,123,67,4,4,267,0
370,3,3,3,59,3,3,129,0
380,4,3,4,57,3,3,127,0
550,83,3,122,65,4,84,414,2
403,4,4,3,51,4,3,125,0
401,4,3,5,63,4,3,135,0
428,5,3,3,59,3,4,140,0
525,82,3,123,53,3,82,391,2
355,2,4,123,55,2,2,234,0
356,4,4,3,64,3,3,132,0
558,84,3,4,60,4,83,289,2
371,3,3,123,61,3,3,248,0
374,4,3,5,58,4,4,125,0
517,83,3,122,53,3,82,393,2
412,5,4,122,52,4,4,254,0
398,4,3,123,63,3,4,252,0
388,3,3,122,55,3,4,237,0
472,83,3,4,53,5,4,209,1
420,3,2,4,67,3,2,133,0
457,5,4,5,79,4,4,175,0
369,3,3,123,63,3,3,246,0
371,3,3,123,56,3,4,245,0
476,84,3,3,53,2,6,204,1
375,3,4,121,61,3,3,249,0
396,3,3,4,54,3,3,124,0
395,3,4,5,61,3,3,129,0
405,4,3,122,58,3,3,237,0
423,6,4,3,47,13,7,147,0
529,83,3,5,56,3,82,289,2
408,4,3,123,60,3,3,248,0
406,5,2,4,54,4,5,134,0
369,3,3,122,54,3,2,238,0
387,2,4,5,53,3,4,118,0
380,4,3,5,59,3,3,131,0
391,5,3,5,54,3,4,125,0
364,4,3,4,57,2,4,127,0
429,4,4,4,67,3,5,149,0
360,3,3,3,50,3,3,115,0
411,5,3,123,62,5,4,265,0
384,5,4,6,54,3,3,137,0
384,3,3,4,62,3,3,128,0
376,2,3,123,65,3,4,248,0
386,3,3,4,56,3,3,126,0
354,4,3,6,54,3,3,119,0
397,5,4,121,60,2,4,254,0
359,3,4,122,49,6,4,231,0
555,82,4,4,59,3,83,289,2
361,3,3,4,57,3,3,126,0
462,4,2,4,53,3,3,129,0
396,4,4,3,61,3,3,130,0
449,83,4,123,58,3,4,329,1
528,84,3,122,57,3,82,394,2
357,3,3,122,57,3,3,239,0
448,82,2,122,58,3,4,322,1
596,83,2,5,54,2,84,290,2
378,3,3,122,65,3,3,253,0
375,4,3,122,63,4,3,249,0
566,83,3,121,60,3,82,403,2
424,4,3,122,58,5,3,252,0
394,4,4,4,68,3,4,136,0
455,83,3,4,58,4,5,207,1
478,84,3,122,58,3,5,336,1
381,5,3,4,55,2,3,122,0
392,4,3,123,57,3,4,246,0
416,4,3,122,70,3,4,269,0
379,4,4,5,65,3,2,130,0
375,4,4,122,59,3,3,248,0
516,84,3,122,56,3,83,409,2
389,4,4,122,66,3,3,252,0
496,83,3,4,60,2,3,205,1
415,4,3,4,60,4,3,131,0
385,5,4,123,58,3,3,247,0
376,4,4,123,54,3,4,240,0
380,4,3,122,61,3,3,254,0
363,4,5,6,54,2,3,122,0
365,4,3,122,60,3,3,241,0
402,4,3,6,56,3,4,129,0
371,3,2,4,56,3,8,122,0
384,4,4,122,63,4,4,253,0
371,4,3,122,63,3,3,250,0
535,82,3,122,60,4,82,404,2
413,5,4,4,63,4,3,145,0
384,3,3,122,63,3,3,255,0
559,84,4,4,59,4,83,287,2
471,82,3,122,59,4,3,322,1
368,3,4,5,62,4,4,130,0
385,3,3,122,56,3,3,244,0
369,4,3,123,54,3,4,235,0
417,5,4,124,64,5,5,274,0
432,3,4,123,71,4,7,277,0
482,83,3,123,66,4,4,332,1
377,3,3,123,60,3,4,244,0
477,84,3,5,57,3,6,208,1
387,3,3,123,65,4,2,247,0
357,3,2,121,54,3,3,229,0
404,5,5,121,52,4,3,255,0
372,4,3,4,57,4,3,127,0
389,7,3,122,58,3,4,250,0
389,4,5,123,60,3,3,255,0
624,82,3,123,56,3,83,398,2
396,7,4,122,56,3,2,247,0
355,4,3,122,62,3,3,248,0
358,3,3,122,58,3,4,241,0
385,4,4,5,56,2,5,141,0
363,4,4,123,59,3,4,251,0
372,4,4,122,56,2,4,239,0
483,84,4,4,59,2,3,208,1
449,84,4,5,53,3,4,214,1
401,4,3,4,63,3,3,134,0
398,3,3,4,54,3,3,118,0
416,5,3,5,57,3,4,134,0
541,83,2,122,55,3,82,398,2
528,84,3,123,64,5,5,347,1
390,2,4,5,59,3,3,126,0
389,4,4,122,56,2,4,245,0
557,83,3,122,64,2,82,404,2
430,5,4,5,64,4,7,156,0
401,4,5,5,62,3,3,129,0
375,4,3,5,55,3,3,122,0
393,3,2,122,62,3,3,250,0
422,5,3,3,65,5,4,152,0
392,2,4,5,58,4,3,125,0
398,4,3,4,61,4,3,129,0
376,3,3,4,52,4,4,120,0
383,4,3,122,55,2,3,242,0
392,5,2,4,58,3,3,128,0
525,83,3,5,54,3,82,277,2
489,83,3,5,55,4,3,203,1
549,83,2,4,56,3,83,282,2
461,83,3,122,56,2,3,314,1
480,6,3,121,60,9,7,318,0
457,3,3,5,59,3,3,124,0
364,3,3,122,56,3,3,256,0
376,4,3,4,54,3,4,123,0
366,4,4,122,55,3,2,242,0
391,3,4,123,65,3,3,251,0
387,3,4,122,58,3,3,242,0
376,4,3,4,56,3,3,125,0
384,3,4,123,57,3,4,247,0
373,2,4,122,52,3,4,239,0
407,5,3,122,57,4,4,253,0
418,6,4,5,58,5,5,145,0
410,5,3,122,59,4,3,246,0
362,4,3,122,58,3,3,238,0
390,4,4,4,65,4,3,137,0
391,4,2,5,56,3,3,127,0
643,83,4,4,61,3,83,290,2
358,4,2,5,54,3,3,121,0
380,4,4,123,57,3,3,243,0
378,3,3,5,59,3,4,128,0
371,4,3,4,58,2,4,130,0
403,4,4,122,60,3,3,245,0
433,5,4,124,69,4,6,276,0
588,84,4,122,65,4,84,430,2
364,3,3,5,58,4,3,124,0
390,4,3,3,53,3,3,123,0
366,3,3,123,63,3,3,245,0
406,5,2,122,63,3,4,254,0
399,4,4,4,57,3,3,125,0
406,4,4,123,59,3,4,245,0
384,4,2,121,58,3,3,246,0
376,2,2,3,60,3,4,124,0
363,4,3,122,59,3,3,244,0
390,4,3,4,49,3,4,127,0
360,3,4,5,58,3,4,127,0
360,4,2,122,61,3,2,242,0
378,3,3,5,55,4,3,122,0
372,3,4,5,62,4,2,127,0
369,6,2,4,52,3,6,124,0
455,82,4,123,60,3,4,323,1
588,85,3,4,78,4,85,322,2
368,4,5,6,56,3,5,128,0
392,3,2,122,64,3,2,244,0
372,4,2,122,55,3,3,234,0
378,3,3,122,54,2,3,243,0
378,3,3,123,60,3,2,240,0
523,83,3,4,55,3,83,277,2
359,3,3,122,61,3,4,244,0
387,4,3,123,58,4,4,250,0
367,3,3,122,58,3,3,239,0
557,83,4,5,63,3,83,292,2
374,3,3,122,65,3,3,247,0
375,3,3,5,57,3,4,124,0
461,83,3,123,60,3,3,322,1
355,4,3,5,57,3,4,126,0
379,4,2,124,50,2,3,233,0
401,4,3,3,54,5,5,127,0
374,3,2,3,60,3,3,121,0
557,83,3,122,53,4,83,401,2
388,4,3,5,55,3,3,124,0
405,5,3,4,51,3,4,120,0
531,83,2,123,56,3,82,399,2
373,4,4,123,60,3,5,255,0
375,6,3,4,60,2,3,125,0
374,4,4,4,56,3,3,131,0
394,4,3,122,51,2,5,253,0
397,4,4,5,64,6,4,140,0
383,3,4,4,60,3,3,123,0
388,5,3,123,67,4,3,259,0
554,84,3,123,64,4,84,429,2
399,4,3,121,55,2,3,239,0
402,8,4,4,58,3,5,143,0
380,4,3,121,60,2,3,241,0
370,3,2,4,43,4,3,108,0
386,4,3,123,55,4,3,240,0
578,83,3,4,67,4,83,301,2
393,4,4,4,60,2,4,130,0
387,4,3,4,53,5,3,126,0
410,3,3,122,63,3,4,251,0
398,3,3,3,60,3,3,133,0
459,5,4,122,68,4,6,279,0
376,4,3,122,57,3,3,237,0
375,4,4,122,60,3,3,246,0
358,3,3,123,53,3,3,237,0
462,83,3,3,58,2,3,206,1
395,4,3,123,58,3,4,244,0
382,3,3,4,58,4,3,122,0
466,84,3,122,68,3,4,343,1
377,4,3,5,62,3,4,133,0
384,3,4,124,68,3,3,258,0
341,3,2,5,57,3,3,117,0
392,4,4,122,65,2,4,255,0
381,4,3,122,60,4,3,248,0
377,4,3,123,50,4,4,237,0
349,3,4,123,48,2,4,230,0
455,83,3,5,70,3,2,218,1
530,82,3,4,54,3,4,199,1
402,3,3,5,58,2,3,123,0
471,6,3,3,72,4,11,170,0
407,3,3,121,48,4,2,247,0
376,3,3,4,51,3,4,113,0
413,8,3,122,63,3,4,265,0
365,4,3,4,60,3,3,125,0
606,83,4,123,62,4,83,410,2
410,3,3,122,62,4,3,251,0
546,83,3,122,60,3,83,405,2
410,5,3,4,56,4,4,140,0
542,82,2,5,59,3,83,286,2
544,82,4,123,62,3,82,407,2
393,3,3,122,61,3,3,241,0
418,7,4,5,70,4,3,166,0
550,83,3,123,52,4,83,414,2
348,4,2,5,55,3,3,118,0
468,83,3,4,55,3,3,207,1
365,4,3,4,56,3,2,126,0
549,82,3,4,65,4,83,294,2
363,4,3,123,53,3,3,236,0
393,4,3,3,57,3,3,125,0
407,5,3,4,64,4,4,142,0
457,83,1,122,61,3,4,327,1
547,84,4,122,59,4,82,402,2
386,5,3,4,55,5,4,124,0
383,3,3,4,3,3,3,35,0
384,3,3,121,53,3,4,235,0
398,4,2,121,56,4,3,240,0
376,3,3,121,59,3,3,244,0
409,3,4,122,58,3,5,250,0
587,83,3,122,64,4,83,411,2
383,4,3,4,52,3,3,118,0
395,3,3,4,63,3,4,130,0
399,4,4,4,55,3,3,125,0
359,4,3,5,60,3,3,127,0
385,4,3,4,57,3,3,122,0
365,5,2,121,54,2,3,238,0
434,5,4,5,73,5,5,169,0
393,4,2,122,58,6,5,247,0
561,83,3,4,61,3,82,289,2
398,4,4,5,64,3,3,130,0
388,3,3,122,57,3,4,240,0
361,3,2,122,57,3,2,238,0
391,4,3,123,60,4,3,248,0
387,4,3,5,65,4,3,130,0
375,4,4,124,63,3,3,256,0
358,3,3,122,31,4,2,196,0
454,83,5,122,60,3,4,325,1
356,3,2,3,60,2,3,118,0
363,3,3,4,57,3,4,122,0
369,2,2,5,51,2,3,113,0
377,2,3,122,53,3,3,234,0
375,4,3,4,52,5,4,122,0
388,3,3,4,56,3,3,124,0
386,4,2,120,53,2,3,236,0
363,4,3,123,63,4,3,242,0
381,3,3,124,61,4,4,247,0
492,83,3,122,63,4,4,330,1
377,4,3,4,56,3,4,125,0
373,5,2,4,57,2,3,123,0
388,4,3,123,51,4,3,244,0
371,3,3,4,57,2,4,121,0
408,5,3,122,50,3,3,238,0
404,2,4,123,58,3,3,247,0
368,3,3,122,62,4,3,246,0
365,3,3,5,59,4,3,125,0
369,2,3,5,63,3,3,130,0
373,3,4,5,52,2,4,122,0
385,4,3,123,57,3,3,243,0
404,3,4,4,64,4,3,135,0
483,83,4,4,62,4,3,212,1
379,4,4,5,58,3,3,126,0
352,4,3,4,55,3,3,122,0
418,6,4,4,68,4,4,161,0
468,83,3,4,64,3,4,212,1
393,3,1,4,58,3,3,120,0
385,4,4,5,58,3,4,130,0
392,4,3,123,59,4,4,252,0
372,3,3,123,66,3,3,249,0
375,4,4,123,62,4,3,247,0
399,5,3,5,48,4,4,129,0
378,4,2,5,56,3,4,121,0
400,5,3,123,55,4,3,262,0
375,3,3,3,55,4,2,118,0
391,4,4,122,66,3,2,261,0
403,3,3,122,62,3,4,252,0
372,4,3,4,64,3,3,134,0
379,3,4,4,61,2,3,123,0
398,4,2,4,47,3,4,117,0
553,84,4,124,63,3,83,409,2
405,4,3,4,55,3,4,120,0
467,84,3,123,63,3,4,329,1
665,85,4,122,66,4,84,429,2
468,83,3,5,51,3,4,203,1
448,4,4,4,74,4,10,164,0
379,5,3,4,53,4,4,127,0
435,5,5,124,68,5,4,301,0
405,4,3,122,63,3,2,251,0
395,4,5,122,63,4,4,254,0
383,4,4,5,56,2,3,129,0
388,3,3,122,62,3,4,252,0
375,3,3,5,61,3,5,129,0
396,4,4,5,64,4,3,132,0
389,3,2,122,59,3,4,241,0
427,6,4,4,77,4,4,157,0
441,83,3,4,60,3,3,209,1
353,5,3,122,56,3,4,243,0
368,4,3,122,54,3,3,236,0
374,4,4,124,60,3,4,247,0
371,4,3,122,57,4,4,244,0
436,6,4,124,70,4,5,284,0
461,82,3,4,58,3,3,200,1
370,4,2,4,57,3,5,126,0
429,5,3,5,56,5,5,146,0
386,3,4,122,60,3,4,241,0
385,3,3,122,56,3,2,240,0
384,4,3,4,60,2,3,126,0
359,3,3,123,54,4,2,243,0
385,4,4,5,65,4,4,133,0
395,3,3,123,58,3,3,262,0
407,4,3,4,57,3,5,141,0
493,83,3,4,58,3,4,204,1
377,4,3,123,54,3,3,241,0
400,3,3,122,53,3,3,236,0
395,3,4,5,58,2,4,126,0
349,3,3,4,55,3,4,119,0
404,6,3,123,69,6,4,281,0
454,6,5,124,70,5,3,278,0
370,3,3,5,57,3,3,124,0
369,3,3,4,58,4,3,127,0
389,3,4,122,65,3,4,253,0
365,3,3,123,56,3,3,241,0
504,5,4,122,67,4,4,271,0
405,4,4,122,56,3,3,246,0
577,84,3,123,59,5,83,410,2
417,4,3,121,61,6,4,255,0
388,3,4,5,59,3,4,135,0
377,5,2,123,59,2,3,241,0
395,4,4,5,61,3,4,128,0
529,82,3,4,54,3,82,283,2
445,5,3,121,59,3,4,247,0
369,3,3,122,54,2,3,236,0
371,4,3,4,63,3,3,135,0
494,82,4,123,60,3,3,324,1
411,4,4,3,57,3,3,124,0
553,84,3,124,59,4,82,406,2
360,3,3,123,58,3,3,243,0
400,3,3,123,66,3,4,252,0
420,5,4,4,64,4,4,146,0
378,3,4,5,61,1,3,127,0
377,3,2,4,57,2,3,123,0
364,4,4,123,63,3,4,252,0
395,4,3,121,57,3,4,246,0
538,83,4,5,64,3,82,291,2
371,3,3,6,60,3,5,134,0
496,84,3,122,63,4,4,350,1
369,3,3,121,56,2,3,237,0
398,3,4,123,61,3,3,248,0
409,4,3,4,54,3,4,126,0
381,3,3,5,61,3,3,133,0
358,3,3,123,58,4,4,243,0
390,3,4,123,65,4,4,256,0
374,4,3,122,55,3,3,242,0
387,5,3,122,50,3,4,266,0
392,3,3,3,59,3,2,128,0
387,4,3,4,50,4,5,127,0
372,3,3,122,58,3,3,238,0
400,4,3,4,59,3,4,129,0
558,84,4,5,53,3,83,286,2
398,4,4,5,63,5,5,153,0
396,3,3,4,61,2,2,131,0
376,3,3,121,51,3,4,238,0
488,82,3,4,59,3,3,199,1
390,5,4,5,61,3,4,135,0
384,4,4,123,53,3,4,236,0
370,3,3,123,63,8,4,254,0
387,5,3,2,52,3,4,131,0
377,3,2,4,54,3,4,113,0
382,4,3,122,66,2,3,256,0
390,3,2,4,60,3,3,125,0
402,3,3,122,62,4,4,243,0
382,4,4,6,60,4,3,130,0
399,3,3,123,54,3,3,235,0
452,4,4,122,71,4,4,277,0
370,3,4,5,57,3,3,120,0
506,82,2,5,56,2,82,279,2
356,3,3,5,52,3,3,119,0
550,84,3,4,64,4,83,295,2
542,83,3,123,61,2,83,405,2
452,4,3,124,45,4,3,229,0
391,4,4,4,61,3,4,135,0
368,3,3,3,56,3,4,122,0
479,83,3,122,56,3,4,328,1
535,83,3,5,64,3,83,293,2
372,3,3,123,65,3,4,251,0
381,3,4,5,64,2,4,133,0
385,3,3,4,63,4,3,133,0
393,4,3,122,50,2,3,238,0
404,3,4,123,53,3,3,236,0
385,3,3,123,62,3,4,255,0
359,3,3,4,62,2,4,132,0
384,4,3,4,62,3,3,133,0
357,4,3,123,53,3,3,242,0
506,83,3,122,52,3,83,395,2
405,4,3,5,54,3,3,123,0
383,3,3,4,59,9,4,127,0
369,3,5,4,62,3,3,126,0
376,4,3,122,50,2,3,229,0
379,3,3,122,65,4,2,247,0
448,83,3,5,53,3,3,204,1
368,3,3,4,55,2,3,120,0
529,85,4,5,66,4,5,245,1
364,3,3,4,60,4,4,127,0
388,4,2,121,55,2,3,239,0
369,3,3,4,58,5,3,123,0
449,83,3,4,54,4,2,198,1
362,3,4,5,54,3,3,123,0
407,5,4,121,54,4,4,244,0
379,4,3,5,61,4,3,128,0
363,4,2,122,52,4,4,243,0
450,4,3,123,62,4,3,253,0
384,4,3,5,59,3,4,129,0
455,4,3,123,66,3,2,248,0
394,4,4,5,52,3,2,122,0
387,4,3,5,65,3,3,134,0
361,4,4,4,56,3,4,122,0
600,83,3,4,58,3,83,282,2
375,3,3,123,67,3,3,257,0
359,3,3,123,63,3,3,246,0
391,4,2,122,53,3,4,238,0
375,4,4,5,60,2,3,126,0
381,4,4,123,62,3,3,251,0
414,5,3,4,64,4,4,150,0
454,83,3,123,57,4,4,327,1
374,4,4,123,55,3,4,245,0
375,5,3,4,55,3,2,121,0
376,3,3,3,65,4,3,130,0
362,3,2,122,47,3,4,223,0
404,4,4,122,55,3,3,246,0
390,4,2,123,53,4,4,253,0
467,5,2,5,55,3,4,133,0
387,3,3,5,60,3,4,125,0
397,4,4,4,57,3,4,130,0
428,4,3,6,66,3,3,141,0
491,83,4,121,57,4,5,327,1
368,4,3,121,61,3,4,246,0
381,3,4,5,54,2,4,137,0
441,6,4,122,67,4,4,272,0
374,2,3,4,59,7,5,134,0
388,3,3,123,66,3,3,248,0
377,3,3,5,53,4,3,124,0
632,82,5,6,61,3,82,290,2
384,3,3,122,64,3,3,251,0
455,4,2,2,55,3,4,125,0
525,83,2,4,51,3,83,278,2
383,4,4,122,58,3,3,243,0
406,4,3,4,57,4,3,132,0
447,5,3,123,75,4,3,281,0
397,5,3,122,54,3,3,238,0
398,6,3,4,55,3,3,137,0
369,3,4,122,55,3,3,240,0
447,5,3,122,65,5,4,278,0
393,2,4,122,56,4,3,247,0
377,3,3,122,53,3,4,229,0
584,84,3,123,62,3,84,415,2
359,4,2,5,52,3,3,114,0
367,3,3,122,60,3,3,245,0
474,83,3,4,54,3,5,199,1
395,4,4,123,57,3,4,248,0
368,4,3,123,54,2,3,240,0
372,3,4,123,56,4,4,242,0
421,4,3,5,54,3,3,134,0
426,4,4,122,59,3,5,281,0
485,82,1,4,61,2,3,205,1
547,82,3,122,56,3,82,403,2
536,82,2,122,56,2,82,399,2
387,4,4,122,62,3,2,245,0
382,4,3,4,57,3,2,123,0
380,3,3,122,54,3,2,239,0
396,4,3,122,59,3,7,252,0
363,4,4,123,55,3,3,243,0
378,3,4,122,58,2,3,240,0
530,83,3,5,49,3,83,280,2
378,4,3,122,60,3,4,249,0
375,3,4,5,57,3,3,122,0
431,82,4,122,55,3,4,325,1
393,5,4,122,62,3,3,251,0
591,84,3,123,62,3,82,414,2
482,83,3,5,54,3,4,203,1
358,3,3,4,62,3,3,128,0
420,7,4,122,64,3,4,269,0
406,5,3,121,49,3,4,243,0
455,82,4,124,64,3,3,326,1
368,3,3,121,52,3,4,228,0
539,82,2,122,55,3,83,404,2
362,4,3,5,61,3,3,125,0
481,83,4,4,64,3,4,214,1
344,4,3,122,60,2,4,247,0
385,3,3,3,59,2,3,122,0
365,2,2,122,58,2,3,234,0
555,83,3,122,59,3,83,405,2
553,82,4,4,59,3,82,277,2
356,4,4,123,54,3,3,244,0
360,3,2,4,55,3,4,117,0
397,3,3,122,52,4,3,244,0
549,82,3,122,60,4,83,403,2
357,3,3,123,58,3,3,241,0
455,82,4,122,54,3,4,318,1
413,5,3,122,58,3,3,256,0
366,3,3,122,56,3,3,244,0
397,4,3,121,52,3,5,239,0
369,3,3,4,58,2,3,121,0
369,3,3,122,54,3,3,237,0
373,4,2,122,62,3,3,246,0
368,4,2,121,55,3,3,233,0
363,4,3,5,55,3,3,118,0
375,3,3,122,56,3,3,238,0
437,7,4,5,63,4,6,157,0
463,83,3,4,55,3,4,203,1
501,82,3,121,53,3,2,312,1
377,3,3,4,58,3,4,127,0
384,3,3,122,53,3,3,239,0
431,5,3,5,59,4,4,145,0
477,83,3,122,65,3,3,333,1
364,4,3,122,56,3,4,241,0
363,3,2,5,60,3,4,128,0
374,5,4,3,53,5,4,123,0
355,2,3,122,60,3,3,241,0
398,5,3,3,53,3,4,118,0
385,3,3,123,59,3,4,245,0
414,5,4,122,57,3,4,247,0
384,5,4,5,55,3,3,125,0
380,3,2,6,55,3,3,118,0
377,4,3,122,64,3,3,250,0
427,5,3,122,54,4,4,265,0
465,83,3,4,51,4,3,201,1
386,4,4,123,63,3,4,250,0
377,3,3,122,56,3,4,238,0
384,3,3,5,56,3,3,123,0
365,5,3,123,50,3,4,243,0
404,5,2,3,69,3,4,146,0
383,2,3,4,59,4,3,126,0
380,4,3,4,59,3,4,132,0
544,83,3,123,57,3,82,398,2
627,84,4,5,65,3,83,294,2
395,4,3,122,49,3,3,233,0
371,3,4,4,57,2,4,128,0
377,3,4,122,62,3,3,251,0
478,84,3,4,65,4,3,218,1
416,4,2,5,55,3,3,124,0
388,4,3,123,54,3,3,248,0
382,4,3,121,55,3,4,241,0
460,83,4,123,52,3,2,314,1
379,3,4,4,62,3,3,127,0
375,6,3,4,63,3,3,133,0
567,83,4,123,63,3,84,411,2
394,4,3,3,60,7,4,137,0
400,5,3,5,65,4,2,141,0
373,3,3,4,60,3,3,122,0
384,4,3,122,56,3,3,245,0
380,3,3,4,59,3,4,126,0
572,85,3,4,60,4,84,308,2
448,5,3,5,55,4,4,125,0
390,5,3,4,58,4,4,134,0
392,4,3,122,53,3,4,241,0
383,3,4,122,53,4,4,244,0
360,4,2,3,58,3,3,124,0
388,3,3,122,56,4,4,252,0
376,3,3,4,67,3,3,138,0
444,5,3,123,74,4,5,284,0
397,2,4,123,63,3,4,249,0
374,5,4,6,61,2,3,132,0
377,4,3,122,63,4,4,252,0
366,2,3,3,53,2,3,111,0
347,2,2,123,57,2,3,243,0
384,4,3,4,55,3,3,136,0
376,4,2,4,59,3,4,129,0
369,3,3,122,58,3,3,249,0
374,2,3,4,51,3,2,111,0
366,2,3,3,58,4,2,123,0
393,3,4,122,57,3,4,241,0
374,3,3,122,61,2,3,246,0
402,4,4,5,63,3,4,137,0
577,83,3,122,63,2,82,408,2
435,6,5,123,71,4,5,296,0
374,2,4,122,61,4,4,247,0
379,2,3,122,62,3,3,244,0
349,4,3,4,51,4,2,112,0
366,4,3,4,61,3,3,130,0
359,3,2,4,61,4,3,124,0
385,4,3,4,60,3,4,128,0
360,3,3,122,59,3,3,248,0
399,3,3,122,59,4,3,248,0
379,3,4,123,55,5,3,239,0
365,2,3,123,58,3,3,241,0
371,4,3,4,51,2,3,117,0
389,3,3,4,60,3,4,129,0
496,84,4,3,57,3,4,219,1
362,4,3,4,58,2,5,121,0
371,5,4,5,60,4,3,136,0
375,4,3,5,58,3,4,127,0
408,3,3,3,51,3,5,119,0
367,3,3,3,59,3,3,127,0
391,4,3,5,59,4,3,130,0
374,4,3,123,58,4,3,244,0
372,3,3,122,61,6,4,254,0
478,83,3,5,53,3,4,206,1
368,3,4,5,57,3,3,121,0
380,4,4,5,61,3,3,130,0
349,4,3,4,50,3,2,106,0
379,3,2,122,53,2,3,236,0
398,4,3,123,67,3,3,255,0
403,5,2,5,53,4,4,137,0
357,3,3,122,54,3,4,235,0
377,3,3,123,59,3,3,246,0
363,3,4,4,53,4,3,122,0
375,4,3,123,56,3,3,238,0
507,84,2,4,66,5,5,230,1
429,6,3,5,70,2,5,167,0
408,5,3,5,59,4,3,131,0
386,4,3,122,59,3,3,248,0
376,4,3,122,63,3,3,249,0
362,3,3,121,61,4,2,243,0
441,83,3,122,63,3,5,332,1
454,82,4,5,63,3,3,212,1
554,83,3,122,51,3,83,410,2
379,3,4,5,59,4,4,131,0
378,3,3,122,54,3,4,240,0
524,83,2,4,54,3,83,278,2
579,83,3,5,57,2,82,280,2
372,5,3,122,55,3,4,241,0
378,3,4,4,56,3,3,117,0
395,4,2,121,63,2,3,242,0
459,82,3,4,57,3,3,202,1
382,4,4,5,56,2,4,123,0
362,4,2,4,56,4,2,121,0
415,5,5,123,58,3,4,246,0
380,4,3,4,55,3,4,122,0
396,4,3,123,61,4,4,245,0
394,5,3,5,62,2,3,132,0
358,6,3,122,50,2,4,242,0
384,3,3,123,64,3,3,249,0
383,3,4,3,58,4,4,129,0
375,3,3,3,57,3,3,127,0
355,3,4,123,60,4,3,247,0
381,3,3,123,61,3,4,241,0
383,3,4,4,62,3,3,134,0
351,4,3,4,51,3,3,118,0
410,3,4,122,50,2,3,223,0
403,5,3,4,62,4,3,140,0
385,3,3,4,63,3,4,134,0
435,6,3,123,69,3,4,284,0
394,3,3,4,65,3,4,132,0
375,6,2,123,61,3,4,251,0
504,85,4,5,65,4,4,227,1
409,4,4,5,50,3,4,134,0
399,3,4,5,61,3,3,130,0
412,4,3,122,56,4,4,248,0
450,82,3,4,59,3,3,210,1
362,4,3,4,59,4,4,130,0
375,3,4,123,65,2,4,255,0
375,4,3,123,52,4,3,238,0
461,84,4,121,58,5,3,330,1
393,3,3,5,59,3,3,127,0
355,4,3,5,57,3,3,126,0
418,3,1,2,52,3,5,143,0
366,3,3,4,54,4,3,119,0
441,82,2,123,59,3,3,320,1
523,84,3,4,57,4,83,283,2
440,3,3,123,62,3,3,253,0
455,83,3,4,59,3,4,206,1
376,5,4,4,58,4,4,130,0
358,3,3,6,54,3,3,116,0
464,83,4,123,58,3,3,323,1
374,3,3,123,60,3,4,248,0
382,4,4,123,63,4,4,256,0
365,3,4,121,58,2,3,244,0
372,4,2,121,53,3,3,236,0
430,2,3,122,56,3,3,236,0
410,4,3,5,65,3,3,136,0
419,5,4,5,61,4,3,142,0
369,4,4,4,56,4,3,127,0
410,3,3,122,63,4,4,251,0
363,4,2,123,56,4,4,242,0
397,4,3,122,54,2,4,238,0
370,3,5,6,68,3,3,141,0
416,10,4,4,55,3,4,134,0
564,83,4,4,62,3,83,293,2
571,83,5,6,69,3,83,297,2
366,3,3,122,57,3,3,244,0
393,3,3,4,54,3,3,119,0
364,3,4,4,55,1,4,116,0
384,2,3,4,63,5,3,134,0
399,3,3,123,58,2,3,248,0
443,6,4,5,68,5,5,163,0
399,3,4,5,62,2,4,134,0
386,3,4,4,60,4,4,127,0
373,4,4,122,64,4,3,252,0
380,4,3,4,60,3,3,128,0
382,4,3,4,55,4,4,128,0
382,4,3,122,53,3,4,240,0
372,3,4,4,64,4,3,131,0
382,3,3,4,54,3,3,122,0
423,5,3,4,59,2,3,141,0
498,83,4,123,58,3,3,321,1
539,83,3,123,63,3,83,409,2
373,4,3,4,59,3,4,127,0
389,5,4,123,60,4,4,255,0
537,84,2,4,56,3,83,281,2
404,4,4,123,60,3,3,250,0
376,3,3,4,58,4,4,125,0
434,82,3,121,54,3,3,320,1
528,82,3,123,58,3,83,403,2
374,3,3,4,60,3,3,124,0
405,4,3,121,58,3,4,244,0
364,3,3,123,55,4,4,242,0
520,83,3,4,55,3,83,283,2
384,3,3,4,67,3,3,130,0
403,7,3,122,58,2,3,250,0
526,83,3,122,50,3,82,391,2
377,4,3,122,51,4,3,240,0
369,4,4,4,46,4,3,109,0
380,4,3,123,67,4,4,255,0
367,4,3,3,53,4,4,121,0
427,3,3,5,53,3,3,122,0
393,4,2,122,60,2,4,249,0
375,3,4,123,57,3,3,246,0
548,83,2,3,56,4,83,286,2
384,4,3,123,64,4,4,253,0
579,83,3,5,62,3,82,288,2
418,5,4,4,62,3,5,148,0
395,4,3,122,60,4,3,250,0
397,10,3,4,57,4,4,141,0
396,4,3,122,71,4,3,257,0
391,5,3,4,54,3,5,138,0
366,2,3,4,51,4,3,114,0
400,4,4,122,64,5,4,265,0
394,4,3,4,57,4,7,127,0
391,5,4,4,67,4,4,140,0
363,3,3,122,59,2,3,241,0
475,84,2,122,54,6,3,322,1
397,4,3,4,52,4,3,121,0
355,4,4,5,59,3,3,127,0
392,3,3,121,47,3,3,234,0
446,5,3,123,67,3,5,269,0
380,4,3,3,60,3,3,128,0
375,4,3,5,49,3,3,120,0
386,4,3,122,59,4,3,248,0
364,3,3,4,60,2,3,124,0
374,4,3,122,56,3,4,244,0
394,4,4,4,58,4,3,126,0
360,4,3,4,54,3,3,122,0
618,84,3,122,54,3,82,404,2
571,83,2,122,61,4,83,423,2
385,4,3,5,62,3,4,129,0
454,84,2,123,47,3,3,313,1
466,82,4,123,59,3,4,326,1
406,3,3,5,58,3,3,125,0
563,83,3,123,61,3,82,412,2
603,83,3,122,54,4,83,408,2
375,4,3,4,58,3,4,126,0
384,4,4,122,62,3,3,247,0
393,4,3,3,61,4,5,130,0
359,3,4,4,55,3,2,124,0
344,4,4,122,55,2,4,237,0
632,83,3,121,53,3,83,396,2
473,82,3,122,61,3,3,330,1
368,3,3,123,61,3,4,251,0
381,4,4,122,51,3,4,241,0
458,83,3,4,58,5,4,216,1
556,84,3,4,54,3,83,281,2
535,4,2,122,60,3,3,250,0
378,3,4,123,57,3,3,245,0
388,4,4,4,56,2,3,122,0
374,3,2,4,61,3,3,128,0
436,6,4,124,69,5,3,283,0
480,83,4,4,68,3,4,212,1
365,3,4,4,64,4,3,134,0
374,5,3,123,54,3,3,235,0
459,82,3,4,63,3,4,212,1
375,3,3,3,55,2,3,123,0
444,83,3,4,53,2,3,199,1
358,3,3,5,64,3,2,134,0
410,4,3,122,64,4,3,250,0
388,4,3,122,52,4,2,243,0
385,3,4,5,64,3,2,131,0
404,3,2,121,54,4,4,239,0
395,5,3,122,58,3,3,248,0
385,2,4,123,58,2,2,244,0
412,5,4,123,58,6,3,259,0
515,83,2,4,58,4,84,288,2
392,5,3,123,58,4,4,253,0
366,3,3,4,59,6,4,130,0
393,4,2,4,56,4,4,129,0
379,5,3,4,56,4,2,126,0
393,3,3,4,64,3,3,128,0
375,4,3,122,54,3,3,242,0
385,4,4,123,63,3,4,249,0
452,82,3,4,62,3,3,213,1
344,3,3,4,56,3,3,123,0
522,82,5,6,50,4,83,278,2
382,3,4,121,60,4,4,243,0
383,4,3,122,56,3,3,237,0
380,3,3,4,57,3,3,125,0
394,5,3,123,65,3,4,255,0
389,4,2,5,57,3,4,133,0
498,85,3,122,68,4,5,355,1
411,3,4,123,59,2,3,244,0
408,4,4,123,62,3,4,255,0
418,4,5,3,60,4,2,159,0
436,83,4,123,57,2,4,326,1
651,83,4,4,71,3,83,299,2
361,3,3,121,54,4,3,239,0
384,3,3,3,53,3,3,118,0
525,83,3,122,57,3,83,402,2
561,85,3,122,59,3,83,405,2
390,3,3,4,60,2,3,127,0
394,4,3,122,48,3,2,235,0
350,3,3,4,54,3,3,120,0
517,83,4,122,55,3,83,393,2
394,3,3,121,53,3,4,249,0
374,3,3,5,63,3,4,133,0
368,4,3,3,55,2,3,118,0
443,83,3,4,56,3,3,203,1
368,5,3,121,51,4,3,242,0
404,3,3,123,56,2,3,239,0
375,3,4,4,58,3,3,127,0
423,5,2,122,63,10,4,270,0
470,5,3,123,59,3,5,256,0
361,3,4,4,59,3,3,135,0
397,5,2,4,60,3,4,134,0
364,4,3,4,60,3,3,126,0
379,5,4,122,54,3,4,246,0
462,82,3,4,67,3,3,216,1
383,4,3,123,55,4,3,248,0
363,4,3,5,64,3,3,133,0
382,2,2,4,61,3,2,131,0
398,4,4,124,56,4,4,248,0
366,5,4,5,57,4,3,127,0
399,4,3,4,50,2,3,119,0
373,3,3,4,47,3,4,120,0
549,85,3,4,57,3,83,290,2
359,4,3,4,62,4,3,128,0
394,5,4,5,61,4,3,130,0
531,84,3,4,62,3,82,290,2
392,2,3,5,58,3,4,128,0
381,4,3,4,55,2,4,122,0
371,5,3,4,59,4,4,135,0
374,4,3,123,64,3,3,241,0
475,83,3,6,64,3,4,210,1
370,4,3,4,55,3,3,117,0
368,4,3,5,57,4,3,126,0
400,5,4,5,58,3,4,135,0
385,3,3,123,59,4,4,248,0
395,4,3,3,57,3,4,131,0
458,4,3,5,58,4,4,143,0
382,3,2,123,58,3,3,242,0
355,3,3,122,59,3,3,243,0
452,83,3,121,52,3,3,316,1
396,4,3,123,64,3,3,255,0
398,5,3,4,52,4,4,128,0
395,3,3,122,64,3,3,249,0
389,3,3,122,60,4,4,247,0
566,85,2,4,60,3,83,290,2
371,3,3,123,60,3,3,244,0
570,83,3,123,70,4,84,423,2
407,6,4,5,58,3,4,131,0
380,3,3,4,65,3,4,135,0
356,4,4,3,55,3,3,122,0
369,3,4,6,65,4,3,137,0
376,3,4,5,59,3,4,129,0
360,3,4,123,58,3,3,243,0
365,4,3,122,53,3,3,240,0
367,3,4,122,55,3,3,239,0
357,4,3,4,60,3,3,124,0
382,4,3,121,53,4,3,235,0
399,4,3,122,54,3,3,236,0
389,5,3,3,51,3,2,121,0
360,3,3,123,56,3,3,239,0
412,4,3,123,62,2,4,247,0
370,3,3,122,60,3,3,248,0
399,5,3,4,58,3,3,132,0
384,4,2,122,48,3,4,234,0
372,2,3,121,58,3,4,238,0
369,3,3,122,62,3,3,250,0
382,4,2,122,52,3,4,240,0
480,84,4,5,59,3,5,214,1
383,3,3,4,57,2,2,125,0
473,3,2,4,58,3,4,124,0
395,4,3,122,55,3,4,237,0
402,5,3,122,55,3,3,240,0
351,3,4,5,54,3,4,122,0
528,82,3,5,62,3,83,289,2
376,3,3,122,56,3,4,239,0
392,3,4,4,60,3,3,126,0
573,84,3,123,63,3,83,413,2
571,84,4,4,59,3,82,300,2
379,4,3,122,57,4,3,241,0
457,82,4,4,61,4,3,204,1
